project,bug_id,result_file,status,result_methods,source_buggy_methods,buggy_nodes,matched_buggy_methods,matched,missing
Chart,1,/Users/ashish/master-thesis/Master-Thesis/failure-propagation-and-rca-via-energy-minimization/evals_lambd1/eval_lambd_1.0/Chart_1_1.0.csv,conforming,198,1,1,1,"[""org.jfree.chart.renderer.category.AbstractCategoryItemRenderer#getLegendItems()""]",[]
Chart,3,/Users/ashish/master-thesis/Master-Thesis/failure-propagation-and-rca-via-energy-minimization/evals_lambd1/eval_lambd_1.0/Chart_3_1.0.csv,conforming,123,1,1,1,"[""org.jfree.data.time.TimeSeries#createCopy(int,int)""]",[]
Chart,5,/Users/ashish/master-thesis/Master-Thesis/failure-propagation-and-rca-via-energy-minimization/evals_lambd1/eval_lambd_1.0/Chart_5_1.0.csv,conforming,54,1,1,1,"[""org.jfree.data.xy.XYSeries#addOrUpdate(java.lang.Number,java.lang.Number)""]",[]
Chart,6,/Users/ashish/master-thesis/Master-Thesis/failure-propagation-and-rca-via-energy-minimization/evals_lambd1/eval_lambd_1.0/Chart_6_1.0.csv,conforming,23,1,1,1,"[""org.jfree.chart.util.ShapeList#equals(java.lang.Object)""]",[]
Chart,7,/Users/ashish/master-thesis/Master-Thesis/failure-propagation-and-rca-via-energy-minimization/evals_lambd1/eval_lambd_1.0/Chart_7_1.0.csv,conforming,75,1,1,1,"[""org.jfree.data.time.TimePeriodValues#updateBounds(org.jfree.data.time.TimePeriod,int)""]",[]
Chart,8,/Users/ashish/master-thesis/Master-Thesis/failure-propagation-and-rca-via-energy-minimization/evals_lambd1/eval_lambd_1.0/Chart_8_1.0.csv,conforming,19,1,1,1,"[""org.jfree.data.time.Week#Week(java.util.Date,java.util.TimeZone)""]",[]
Chart,9,/Users/ashish/master-thesis/Master-Thesis/failure-propagation-and-rca-via-energy-minimization/evals_lambd1/eval_lambd_1.0/Chart_9_1.0.csv,conforming,112,1,1,1,"[""org.jfree.data.time.TimeSeries#createCopy(org.jfree.data.time.RegularTimePeriod,org.jfree.data.time.RegularTimePeriod)""]",[]
Chart,11,/Users/ashish/master-thesis/Master-Thesis/failure-propagation-and-rca-via-energy-minimization/evals_lambd1/eval_lambd_1.0/Chart_11_1.0.csv,conforming,7,1,1,1,"[""org.jfree.chart.util.ShapeUtilities#equal(java.awt.geom.GeneralPath,java.awt.geom.GeneralPath)""]",[]
Chart,12,/Users/ashish/master-thesis/Master-Thesis/failure-propagation-and-rca-via-energy-minimization/evals_lambd1/eval_lambd_1.0/Chart_12_1.0.csv,conforming,184,1,1,1,"[""org.jfree.chart.plot.MultiplePiePlot#MultiplePiePlot(org.jfree.data.category.CategoryDataset)""]",[]
Chart,13,/Users/ashish/master-thesis/Master-Thesis/failure-propagation-and-rca-via-energy-minimization/evals_lambd1/eval_lambd_1.0/Chart_13_1.0.csv,conforming,64,1,1,1,"[""org.jfree.chart.block.BorderArrangement#arrangeFF(org.jfree.chart.block.BlockContainer,java.awt.Graphics2D,org.jfree.chart.block.RectangleConstraint)""]",[]
Chart,17,/Users/ashish/master-thesis/Master-Thesis/failure-propagation-and-rca-via-energy-minimization/evals_lambd1/eval_lambd_1.0/Chart_17_1.0.csv,conforming,110,1,1,1,"[""org.jfree.data.time.TimeSeries#clone()""]",[]
Chart,20,/Users/ashish/master-thesis/Master-Thesis/failure-propagation-and-rca-via-energy-minimization/evals_lambd1/eval_lambd_1.0/Chart_20_1.0.csv,conforming,48,1,1,1,"[""org.jfree.chart.plot.ValueMarker#ValueMarker(double,java.awt.Paint,java.awt.Stroke,java.awt.Paint,java.awt.Stroke,float)""]",[]
Chart,23,/Users/ashish/master-thesis/Master-Thesis/failure-propagation-and-rca-via-energy-minimization/evals_lambd1/eval_lambd_1.0/Chart_23_1.0.csv,trace_gap,609,1,0,0,[],[]
Chart,24,/Users/ashish/master-thesis/Master-Thesis/failure-propagation-and-rca-via-energy-minimization/evals_lambd1/eval_lambd_1.0/Chart_24_1.0.csv,trace_gap,2,1,0,0,[],[]
Chart,25,/Users/ashish/master-thesis/Master-Thesis/failure-propagation-and-rca-via-energy-minimization/evals_lambd1/eval_lambd_1.0/Chart_25_1.0.csv,conforming,633,2,2,2,"[""org.jfree.chart.renderer.category.StatisticalBarRenderer#drawHorizontalItem(java.awt.Graphics2D,org.jfree.chart.renderer.category.CategoryItemRendererState,java.awt.geom.Rectangle2D,org.jfree.chart.plot.CategoryPlot,org.jfree.chart.axis.CategoryAxis,org.jfree.chart.axis.ValueAxis,org.jfree.data.statistics.StatisticalCategoryDataset,int,int)"", ""org.jfree.chart.renderer.category.StatisticalBarRenderer#drawVerticalItem(java.awt.Graphics2D,org.jfree.chart.renderer.category.CategoryItemRendererState,java.awt.geom.Rectangle2D,org.jfree.chart.plot.CategoryPlot,org.jfree.chart.axis.CategoryAxis,org.jfree.chart.axis.ValueAxis,org.jfree.data.statistics.StatisticalCategoryDataset,int,int)""]",[]
Chart,26,/Users/ashish/master-thesis/Master-Thesis/failure-propagation-and-rca-via-energy-minimization/evals_lambd1/eval_lambd_1.0/Chart_26_1.0.csv,conforming,543,1,1,1,"[""org.jfree.chart.axis.Axis#drawLabel(java.lang.String,java.awt.Graphics2D,java.awt.geom.Rectangle2D,java.awt.geom.Rectangle2D,org.jfree.chart.util.RectangleEdge,org.jfree.chart.axis.AxisState,org.jfree.chart.plot.PlotRenderingInfo)""]",[]
Cli,35,/Users/ashish/master-thesis/Master-Thesis/failure-propagation-and-rca-via-energy-minimization/evals_lambd1/eval_lambd_1.0/Cli_35_1.0.csv,conforming,118,1,1,1,"[""org.apache.commons.cli.Options#getMatchingOptions(java.lang.String)""]",[]
Cli,37,/Users/ashish/master-thesis/Master-Thesis/failure-propagation-and-rca-via-energy-minimization/evals_lambd1/eval_lambd_1.0/Cli_37_1.0.csv,conforming,64,1,1,1,"[""org.apache.commons.cli.DefaultParser#isShortOption(java.lang.String)""]",[]
Cli,38,/Users/ashish/master-thesis/Master-Thesis/failure-propagation-and-rca-via-energy-minimization/evals_lambd1/eval_lambd_1.0/Cli_38_1.0.csv,conforming,67,1,1,1,"[""org.apache.commons.cli.DefaultParser#isShortOption(java.lang.String)""]",[]
Cli,40,/Users/ashish/master-thesis/Master-Thesis/failure-propagation-and-rca-via-energy-minimization/evals_lambd1/eval_lambd_1.0/Cli_40_1.0.csv,conforming,10,1,1,1,"[""org.apache.commons.cli.TypeHandler#createValue(java.lang.String,java.lang.Class)""]",[]
Codec,2,/Users/ashish/master-thesis/Master-Thesis/failure-propagation-and-rca-via-energy-minimization/evals_lambd1/eval_lambd_1.0/Codec_2_1.0.csv,conforming,18,1,1,1,"[""org.apache.commons.codec.binary.Base64#encode(byte[],int,int)""]",[]
Codec,3,/Users/ashish/master-thesis/Master-Thesis/failure-propagation-and-rca-via-energy-minimization/evals_lambd1/eval_lambd_1.0/Codec_3_1.0.csv,conforming,49,1,1,1,"[""org.apache.commons.codec.language.DoubleMetaphone#handleG(java.lang.String,org.apache.commons.codec.language.DoubleMetaphone.DoubleMetaphoneResult,int,boolean)""]",[]
Codec,5,/Users/ashish/master-thesis/Master-Thesis/failure-propagation-and-rca-via-energy-minimization/evals_lambd1/eval_lambd_1.0/Codec_5_1.0.csv,conforming,29,1,1,1,"[""org.apache.commons.codec.binary.Base64#decode(byte[],int,int)""]",[]
Codec,6,/Users/ashish/master-thesis/Master-Thesis/failure-propagation-and-rca-via-energy-minimization/evals_lambd1/eval_lambd_1.0/Codec_6_1.0.csv,conforming,29,1,1,1,"[""org.apache.commons.codec.binary.Base64InputStream#read(byte[],int,int)""]",[]
Codec,7,/Users/ashish/master-thesis/Master-Thesis/failure-propagation-and-rca-via-energy-minimization/evals_lambd1/eval_lambd_1.0/Codec_7_1.0.csv,conforming,45,1,1,1,"[""org.apache.commons.codec.binary.Base64#encodeBase64String(byte[])""]",[]
Codec,9,/Users/ashish/master-thesis/Master-Thesis/failure-propagation-and-rca-via-energy-minimization/evals_lambd1/eval_lambd_1.0/Codec_9_1.0.csv,conforming,45,1,1,1,"[""org.apache.commons.codec.binary.Base64#encodeBase64(byte[],boolean,boolean,int)""]",[]
Codec,10,/Users/ashish/master-thesis/Master-Thesis/failure-propagation-and-rca-via-energy-minimization/evals_lambd1/eval_lambd_1.0/Codec_10_1.0.csv,conforming,5,1,1,1,"[""org.apache.commons.codec.language.Caverphone#caverphone(java.lang.String)""]",[]
Codec,12,/Users/ashish/master-thesis/Master-Thesis/failure-propagation-and-rca-via-energy-minimization/evals_lambd1/eval_lambd_1.0/Codec_12_1.0.csv,trace_gap,40,2,0,0,[],[]
Codec,15,/Users/ashish/master-thesis/Master-Thesis/failure-propagation-and-rca-via-energy-minimization/evals_lambd1/eval_lambd_1.0/Codec_15_1.0.csv,conforming,12,1,1,1,"[""org.apache.commons.codec.language.Soundex#getMappingCode(java.lang.String,int)""]",[]
Codec,17,/Users/ashish/master-thesis/Master-Thesis/failure-propagation-and-rca-via-energy-minimization/evals_lambd1/eval_lambd_1.0/Codec_17_1.0.csv,trace_gap,16,1,0,0,[],[]
Codec,18,/Users/ashish/master-thesis/Master-Thesis/failure-propagation-and-rca-via-energy-minimization/evals_lambd1/eval_lambd_1.0/Codec_18_1.0.csv,conforming,19,1,1,1,"[""org.apache.commons.codec.binary.StringUtils#equals(java.lang.CharSequence,java.lang.CharSequence)""]",[]
Collections,1,/Users/ashish/master-thesis/Master-Thesis/failure-propagation-and-rca-via-energy-minimization/evals_lambd1/eval_lambd_1.0/Collections_1_1.0.csv,conforming,160,2,2,2,"[""org.apache.commons.collections.map.Flat3Map.EntrySetIterator#setValue(java.lang.Object)"", ""org.apache.commons.collections.map.Flat3Map.FlatMapIterator#setValue(java.lang.Object)""]",[]
Collections,3,/Users/ashish/master-thesis/Master-Thesis/failure-propagation-and-rca-via-energy-minimization/evals_lambd1/eval_lambd_1.0/Collections_3_1.0.csv,conforming,110,1,1,1,"[""org.apache.commons.collections.CollectionUtils#removeAll(java.util.Collection,java.util.Collection)""]",[]
Collections,5,/Users/ashish/master-thesis/Master-Thesis/failure-propagation-and-rca-via-energy-minimization/evals_lambd1/eval_lambd_1.0/Collections_5_1.0.csv,conforming,53,1,1,1,"[""org.apache.commons.collections.list.SetUniqueList#addAll(int,java.util.Collection)""]",[]
Collections,6,/Users/ashish/master-thesis/Master-Thesis/failure-propagation-and-rca-via-energy-minimization/evals_lambd1/eval_lambd_1.0/Collections_6_1.0.csv,conforming,160,1,1,1,"[""org.apache.commons.collections.map.Flat3Map#remove(java.lang.Object)""]",[]
Collections,9,/Users/ashish/master-thesis/Master-Thesis/failure-propagation-and-rca-via-energy-minimization/evals_lambd1/eval_lambd_1.0/Collections_9_1.0.csv,conforming,36,1,1,1,"[""org.apache.commons.collections.ExtendedProperties#combine(org.apache.commons.collections.ExtendedProperties)""]",[]
Collections,10,/Users/ashish/master-thesis/Master-Thesis/failure-propagation-and-rca-via-energy-minimization/evals_lambd1/eval_lambd_1.0/Collections_10_1.0.csv,representation_gap,46,0,0,0,[],[]
Collections,11,/Users/ashish/master-thesis/Master-Thesis/failure-propagation-and-rca-via-energy-minimization/evals_lambd1/eval_lambd_1.0/Collections_11_1.0.csv,trace_gap,7,1,0,0,[],[]
Collections,12,/Users/ashish/master-thesis/Master-Thesis/failure-propagation-and-rca-via-energy-minimization/evals_lambd1/eval_lambd_1.0/Collections_12_1.0.csv,conforming,36,1,1,1,"[""org.apache.commons.collections.ExtendedProperties#combine(org.apache.commons.collections.ExtendedProperties)""]",[]
Collections,13,/Users/ashish/master-thesis/Master-Thesis/failure-propagation-and-rca-via-energy-minimization/evals_lambd1/eval_lambd_1.0/Collections_13_1.0.csv,conforming,36,1,1,1,"[""org.apache.commons.collections.ExtendedProperties#convertProperties(java.util.Properties)""]",[]
Collections,14,/Users/ashish/master-thesis/Master-Thesis/failure-propagation-and-rca-via-energy-minimization/evals_lambd1/eval_lambd_1.0/Collections_14_1.0.csv,conforming,103,1,1,1,"[""org.apache.commons.collections.map.CaseInsensitiveMap#convertKey(java.lang.Object)""]",[]
Collections,15,/Users/ashish/master-thesis/Master-Thesis/failure-propagation-and-rca-via-energy-minimization/evals_lambd1/eval_lambd_1.0/Collections_15_1.0.csv,conforming,53,1,1,1,"[""org.apache.commons.collections.list.SetUniqueList#set(int,java.lang.Object)""]",[]
Collections,16,/Users/ashish/master-thesis/Master-Thesis/failure-propagation-and-rca-via-energy-minimization/evals_lambd1/eval_lambd_1.0/Collections_16_1.0.csv,trace_gap,55,2,1,1,"[""org.apache.commons.collections.list.SetUniqueList#subList(int,int)""]",[]
Collections,17,/Users/ashish/master-thesis/Master-Thesis/failure-propagation-and-rca-via-energy-minimization/evals_lambd1/eval_lambd_1.0/Collections_17_1.0.csv,conforming,6,2,2,2,"[""org.apache.commons.collections.functors.EqualPredicate#EqualPredicate(java.lang.Object)"", ""org.apache.commons.collections.functors.EqualPredicate#evaluate(java.lang.Object)""]",[]
Collections,18,/Users/ashish/master-thesis/Master-Thesis/failure-propagation-and-rca-via-energy-minimization/evals_lambd1/eval_lambd_1.0/Collections_18_1.0.csv,trace_gap,37,1,0,0,[],[]
Collections,19,/Users/ashish/master-thesis/Master-Thesis/failure-propagation-and-rca-via-energy-minimization/evals_lambd1/eval_lambd_1.0/Collections_19_1.0.csv,conforming,62,1,1,1,"[""org.apache.commons.collections.list.SetUniqueList#set(int,java.lang.Object)""]",[]
Collections,20,/Users/ashish/master-thesis/Master-Thesis/failure-propagation-and-rca-via-energy-minimization/evals_lambd1/eval_lambd_1.0/Collections_20_1.0.csv,conforming,58,1,1,1,"[""org.apache.commons.collections.list.TreeList.TreeListIterator#remove()""]",[]
Compress,10,/Users/ashish/master-thesis/Master-Thesis/failure-propagation-and-rca-via-energy-minimization/evals_lambd1/eval_lambd_1.0/Compress_10_1.0.csv,conforming,235,1,1,1,"[""org.apache.commons.compress.archivers.zip.ZipFile#resolveLocalFileHeaderData(java.util.Map)""]",[]
Compress,11,/Users/ashish/master-thesis/Master-Thesis/failure-propagation-and-rca-via-energy-minimization/evals_lambd1/eval_lambd_1.0/Compress_11_1.0.csv,conforming,37,1,1,1,"[""org.apache.commons.compress.archivers.ArchiveStreamFactory#createArchiveInputStream(java.io.InputStream)""]",[]
Compress,12,/Users/ashish/master-thesis/Master-Thesis/failure-propagation-and-rca-via-energy-minimization/evals_lambd1/eval_lambd_1.0/Compress_12_1.0.csv,conforming,67,1,1,1,"[""org.apache.commons.compress.archivers.tar.TarArchiveInputStream#getNextTarEntry()""]",[]
Compress,13,/Users/ashish/master-thesis/Master-Thesis/failure-propagation-and-rca-via-energy-minimization/evals_lambd1/eval_lambd_1.0/Compress_13_1.0.csv,conforming,164,1,1,1,"[""org.apache.commons.compress.archivers.zip.ZipArchiveEntry#setName(java.lang.String)""]",[]
Compress,14,/Users/ashish/master-thesis/Master-Thesis/failure-propagation-and-rca-via-energy-minimization/evals_lambd1/eval_lambd_1.0/Compress_14_1.0.csv,conforming,26,1,1,1,"[""org.apache.commons.compress.archivers.tar.TarUtils#parseOctal(byte[],int,int)""]",[]
Compress,15,/Users/ashish/master-thesis/Master-Thesis/failure-propagation-and-rca-via-energy-minimization/evals_lambd1/eval_lambd_1.0/Compress_15_1.0.csv,conforming,79,1,1,1,"[""org.apache.commons.compress.archivers.zip.ZipArchiveEntry#equals(java.lang.Object)""]",[]
Compress,16,/Users/ashish/master-thesis/Master-Thesis/failure-propagation-and-rca-via-energy-minimization/evals_lambd1/eval_lambd_1.0/Compress_16_1.0.csv,conforming,50,1,1,1,"[""org.apache.commons.compress.archivers.ArchiveStreamFactory#createArchiveInputStream(java.io.InputStream)""]",[]
Compress,17,/Users/ashish/master-thesis/Master-Thesis/failure-propagation-and-rca-via-energy-minimization/evals_lambd1/eval_lambd_1.0/Compress_17_1.0.csv,conforming,51,1,1,1,"[""org.apache.commons.compress.archivers.tar.TarUtils#parseOctal(byte[],int,int)""]",[]
Compress,18,/Users/ashish/master-thesis/Master-Thesis/failure-propagation-and-rca-via-energy-minimization/evals_lambd1/eval_lambd_1.0/Compress_18_1.0.csv,conforming,110,1,1,1,"[""org.apache.commons.compress.archivers.tar.TarArchiveOutputStream#writePaxHeaders(java.lang.String,java.util.Map)""]",[]
Compress,19,/Users/ashish/master-thesis/Master-Thesis/failure-propagation-and-rca-via-energy-minimization/evals_lambd1/eval_lambd_1.0/Compress_19_1.0.csv,conforming,210,1,1,1,"[""org.apache.commons.compress.archivers.zip.Zip64ExtendedInformationExtraField#reparseCentralDirectoryData(boolean,boolean,boolean,boolean)""]",[]
Compress,21,/Users/ashish/master-thesis/Master-Thesis/failure-propagation-and-rca-via-energy-minimization/evals_lambd1/eval_lambd_1.0/Compress_21_1.0.csv,conforming,126,1,1,1,"[""org.apache.commons.compress.archivers.sevenz.SevenZOutputFile#writeBits(java.io.DataOutput,java.util.BitSet,int)""]",[]
Compress,23,/Users/ashish/master-thesis/Master-Thesis/failure-propagation-and-rca-via-energy-minimization/evals_lambd1/eval_lambd_1.0/Compress_23_1.0.csv,conforming,71,1,1,1,"[""org.apache.commons.compress.archivers.sevenz.Coders.LZMADecoder#decode(java.io.InputStream,org.apache.commons.compress.archivers.sevenz.Coder,byte[])""]",[]
Compress,24,/Users/ashish/master-thesis/Master-Thesis/failure-propagation-and-rca-via-energy-minimization/evals_lambd1/eval_lambd_1.0/Compress_24_1.0.csv,conforming,25,1,1,1,"[""org.apache.commons.compress.archivers.tar.TarUtils#parseOctal(byte[],int,int)""]",[]
Compress,25,/Users/ashish/master-thesis/Master-Thesis/failure-propagation-and-rca-via-energy-minimization/evals_lambd1/eval_lambd_1.0/Compress_25_1.0.csv,conforming,206,1,1,1,"[""org.apache.commons.compress.archivers.zip.ZipArchiveInputStream#ZipArchiveInputStream(java.io.InputStream,java.lang.String,boolean,boolean)""]",[]
Compress,27,/Users/ashish/master-thesis/Master-Thesis/failure-propagation-and-rca-via-energy-minimization/evals_lambd1/eval_lambd_1.0/Compress_27_1.0.csv,conforming,25,1,1,1,"[""org.apache.commons.compress.archivers.tar.TarUtils#parseOctal(byte[],int,int)""]",[]
Compress,28,/Users/ashish/master-thesis/Master-Thesis/failure-propagation-and-rca-via-energy-minimization/evals_lambd1/eval_lambd_1.0/Compress_28_1.0.csv,conforming,105,1,1,1,"[""org.apache.commons.compress.archivers.tar.TarArchiveInputStream#read(byte[],int,int)""]",[]
Compress,30,/Users/ashish/master-thesis/Master-Thesis/failure-propagation-and-rca-via-energy-minimization/evals_lambd1/eval_lambd_1.0/Compress_30_1.0.csv,conforming,66,1,1,1,"[""org.apache.commons.compress.compressors.bzip2.BZip2CompressorInputStream#read(byte[],int,int)""]",[]
Compress,31,/Users/ashish/master-thesis/Master-Thesis/failure-propagation-and-rca-via-energy-minimization/evals_lambd1/eval_lambd_1.0/Compress_31_1.0.csv,conforming,25,1,1,1,"[""org.apache.commons.compress.archivers.tar.TarUtils#parseOctal(byte[],int,int)""]",[]
Compress,32,/Users/ashish/master-thesis/Master-Thesis/failure-propagation-and-rca-via-energy-minimization/evals_lambd1/eval_lambd_1.0/Compress_32_1.0.csv,conforming,116,1,1,1,"[""org.apache.commons.compress.archivers.tar.TarArchiveInputStream#applyPaxHeadersToCurrentEntry(java.util.Map)""]",[]
Compress,34,/Users/ashish/master-thesis/Master-Thesis/failure-propagation-and-rca-via-energy-minimization/evals_lambd1/eval_lambd_1.0/Compress_34_1.0.csv,conforming,110,1,1,1,"[""org.apache.commons.compress.archivers.zip.X7875_NewUnix#getCentralDirectoryLength()""]",[]
Compress,36,/Users/ashish/master-thesis/Master-Thesis/failure-propagation-and-rca-via-energy-minimization/evals_lambd1/eval_lambd_1.0/Compress_36_1.0.csv,conforming,195,1,1,1,"[""org.apache.commons.compress.archivers.sevenz.SevenZFile#getCurrentStream()""]",[]
Compress,37,/Users/ashish/master-thesis/Master-Thesis/failure-propagation-and-rca-via-energy-minimization/evals_lambd1/eval_lambd_1.0/Compress_37_1.0.csv,conforming,120,1,1,1,"[""org.apache.commons.compress.archivers.tar.TarArchiveInputStream#parsePaxHeaders(java.io.InputStream)""]",[]
Compress,38,/Users/ashish/master-thesis/Master-Thesis/failure-propagation-and-rca-via-energy-minimization/evals_lambd1/eval_lambd_1.0/Compress_38_1.0.csv,conforming,122,1,1,1,"[""org.apache.commons.compress.archivers.tar.TarArchiveEntry#isDirectory()""]",[]
Compress,39,/Users/ashish/master-thesis/Master-Thesis/failure-propagation-and-rca-via-energy-minimization/evals_lambd1/eval_lambd_1.0/Compress_39_1.0.csv,trace_gap,7,1,0,0,[],[]
Compress,41,/Users/ashish/master-thesis/Master-Thesis/failure-propagation-and-rca-via-energy-minimization/evals_lambd1/eval_lambd_1.0/Compress_41_1.0.csv,conforming,271,1,1,1,"[""org.apache.commons.compress.archivers.zip.ZipArchiveInputStream#getNextZipEntry()""]",[]
Compress,42,/Users/ashish/master-thesis/Master-Thesis/failure-propagation-and-rca-via-energy-minimization/evals_lambd1/eval_lambd_1.0/Compress_42_1.0.csv,conforming,178,1,1,1,"[""org.apache.commons.compress.archivers.zip.ZipArchiveEntry#isUnixSymlink()""]",[]
Compress,45,/Users/ashish/master-thesis/Master-Thesis/failure-propagation-and-rca-via-energy-minimization/evals_lambd1/eval_lambd_1.0/Compress_45_1.0.csv,conforming,26,1,1,1,"[""org.apache.commons.compress.archivers.tar.TarUtils#formatLongOctalOrBinaryBytes(long,byte[],int,int)""]",[]
Compress,46,/Users/ashish/master-thesis/Master-Thesis/failure-propagation-and-rca-via-energy-minimization/evals_lambd1/eval_lambd_1.0/Compress_46_1.0.csv,conforming,233,1,1,1,"[""org.apache.commons.compress.archivers.zip.X5455_ExtendedTimestamp#unixTimeToZipLong(long)""]",[]
Csv,2,/Users/ashish/master-thesis/Master-Thesis/failure-propagation-and-rca-via-energy-minimization/evals_lambd1/eval_lambd_1.0/Csv_2_1.0.csv,trace_gap,2,1,0,0,[],[]
Csv,3,/Users/ashish/master-thesis/Master-Thesis/failure-propagation-and-rca-via-energy-minimization/evals_lambd1/eval_lambd_1.0/Csv_3_1.0.csv,conforming,85,1,1,1,"[""org.apache.commons.csv.Lexer#readEscape()""]",[]
Csv,4,/Users/ashish/master-thesis/Master-Thesis/failure-propagation-and-rca-via-energy-minimization/evals_lambd1/eval_lambd_1.0/Csv_4_1.0.csv,trace_gap,93,1,0,0,[],[]
Csv,5,/Users/ashish/master-thesis/Master-Thesis/failure-propagation-and-rca-via-energy-minimization/evals_lambd1/eval_lambd_1.0/Csv_5_1.0.csv,conforming,36,1,1,1,"[""org.apache.commons.csv.CSVPrinter#println()""]",[]
Csv,6,/Users/ashish/master-thesis/Master-Thesis/failure-propagation-and-rca-via-energy-minimization/evals_lambd1/eval_lambd_1.0/Csv_6_1.0.csv,conforming,73,1,1,1,"[""org.apache.commons.csv.CSVRecord#putIn(java.util.Map)""]",[]
Csv,7,/Users/ashish/master-thesis/Master-Thesis/failure-propagation-and-rca-via-energy-minimization/evals_lambd1/eval_lambd_1.0/Csv_7_1.0.csv,conforming,95,1,1,1,"[""org.apache.commons.csv.CSVParser#initializeHeader()""]",[]
Csv,9,/Users/ashish/master-thesis/Master-Thesis/failure-propagation-and-rca-via-energy-minimization/evals_lambd1/eval_lambd_1.0/Csv_9_1.0.csv,conforming,74,1,1,1,"[""org.apache.commons.csv.CSVRecord#putIn(java.util.Map)""]",[]
Csv,10,/Users/ashish/master-thesis/Master-Thesis/failure-propagation-and-rca-via-energy-minimization/evals_lambd1/eval_lambd_1.0/Csv_10_1.0.csv,conforming,93,1,1,1,"[""org.apache.commons.csv.CSVPrinter#CSVPrinter(java.lang.Appendable,org.apache.commons.csv.CSVFormat)""]",[]
Csv,11,/Users/ashish/master-thesis/Master-Thesis/failure-propagation-and-rca-via-energy-minimization/evals_lambd1/eval_lambd_1.0/Csv_11_1.0.csv,conforming,98,1,1,1,"[""org.apache.commons.csv.CSVParser#initializeHeader()""]",[]
Csv,14,/Users/ashish/master-thesis/Master-Thesis/failure-propagation-and-rca-via-energy-minimization/evals_lambd1/eval_lambd_1.0/Csv_14_1.0.csv,conforming,118,1,1,1,"[""org.apache.commons.csv.CSVFormat#printAndQuote(java.lang.Object,java.lang.CharSequence,int,int,java.lang.Appendable,boolean)""]",[]
Csv,15,/Users/ashish/master-thesis/Master-Thesis/failure-propagation-and-rca-via-energy-minimization/evals_lambd1/eval_lambd_1.0/Csv_15_1.0.csv,conforming,123,1,1,1,"[""org.apache.commons.csv.CSVFormat#printAndQuote(java.lang.Object,java.lang.CharSequence,int,int,java.lang.Appendable,boolean)""]",[]
Gson,1,/Users/ashish/master-thesis/Master-Thesis/failure-propagation-and-rca-via-energy-minimization/evals_lambd1/eval_lambd_1.0/Gson_1_1.0.csv,trace_gap,116,2,1,1,"[""com.google.gson.TypeInfoFactory#getActualType(java.lang.reflect.Type,java.lang.reflect.Type,java.lang.Class)""]",[]
Gson,2,/Users/ashish/master-thesis/Master-Thesis/failure-propagation-and-rca-via-energy-minimization/evals_lambd1/eval_lambd_1.0/Gson_2_1.0.csv,trace_gap,375,3,1,1,"[""com.google.gson.internal.bind.TypeAdapters.31#create(com.google.gson.Gson,com.google.gson.reflect.TypeToken)""]",[]
Gson,3,/Users/ashish/master-thesis/Master-Thesis/failure-propagation-and-rca-via-energy-minimization/evals_lambd1/eval_lambd_1.0/Gson_3_1.0.csv,conforming,328,3,3,3,"[""com.google.gson.internal.ConstructorConstructor#newDefaultImplementationConstructor(java.lang.reflect.Type,java.lang.Class)"", ""com.google.gson.internal.ConstructorConstructor.10#construct()"", ""com.google.gson.internal.ConstructorConstructor.9#construct()""]",[]
Gson,5,/Users/ashish/master-thesis/Master-Thesis/failure-propagation-and-rca-via-energy-minimization/evals_lambd1/eval_lambd_1.0/Gson_5_1.0.csv,conforming,21,1,1,1,"[""com.google.gson.internal.bind.util.ISO8601Utils#parse(java.lang.String,java.text.ParsePosition)""]",[]
Gson,6,/Users/ashish/master-thesis/Master-Thesis/failure-propagation-and-rca-via-energy-minimization/evals_lambd1/eval_lambd_1.0/Gson_6_1.0.csv,conforming,95,1,1,1,"[""com.google.gson.internal.bind.JsonAdapterAnnotationTypeAdapterFactory#getTypeAdapter(com.google.gson.internal.ConstructorConstructor,com.google.gson.Gson,com.google.gson.reflect.TypeToken,com.google.gson.annotations.JsonAdapter)""]",[]
Gson,8,/Users/ashish/master-thesis/Master-Thesis/failure-propagation-and-rca-via-energy-minimization/evals_lambd1/eval_lambd_1.0/Gson_8_1.0.csv,trace_gap,2,4,0,0,[],[]
Gson,10,/Users/ashish/master-thesis/Master-Thesis/failure-propagation-and-rca-via-energy-minimization/evals_lambd1/eval_lambd_1.0/Gson_10_1.0.csv,conforming,174,1,1,1,"[""com.google.gson.internal.bind.ReflectiveTypeAdapterFactory.1#write(com.google.gson.stream.JsonWriter,java.lang.Object)""]",[]
Gson,11,/Users/ashish/master-thesis/Master-Thesis/failure-propagation-and-rca-via-energy-minimization/evals_lambd1/eval_lambd_1.0/Gson_11_1.0.csv,conforming,257,1,1,1,"[""com.google.gson.internal.bind.TypeAdapters.14#read(com.google.gson.stream.JsonReader)""]",[]
Gson,12,/Users/ashish/master-thesis/Master-Thesis/failure-propagation-and-rca-via-energy-minimization/evals_lambd1/eval_lambd_1.0/Gson_12_1.0.csv,conforming,31,1,1,1,"[""com.google.gson.internal.bind.JsonTreeReader#skipValue()""]",[]
Gson,13,/Users/ashish/master-thesis/Master-Thesis/failure-propagation-and-rca-via-energy-minimization/evals_lambd1/eval_lambd_1.0/Gson_13_1.0.csv,conforming,35,1,1,1,"[""com.google.gson.stream.JsonReader#peekNumber()""]",[]
Gson,15,/Users/ashish/master-thesis/Master-Thesis/failure-propagation-and-rca-via-energy-minimization/evals_lambd1/eval_lambd_1.0/Gson_15_1.0.csv,conforming,23,1,1,1,"[""com.google.gson.stream.JsonWriter#value(double)""]",[]
Gson,16,/Users/ashish/master-thesis/Master-Thesis/failure-propagation-and-rca-via-energy-minimization/evals_lambd1/eval_lambd_1.0/Gson_16_1.0.csv,conforming,125,1,1,1,"[""com.google.gson.internal..Gson.Types#resolve(java.lang.reflect.Type,java.lang.Class,java.lang.reflect.Type,java.util.Collection)""]",[]
Gson,17,/Users/ashish/master-thesis/Master-Thesis/failure-propagation-and-rca-via-energy-minimization/evals_lambd1/eval_lambd_1.0/Gson_17_1.0.csv,conforming,35,1,1,1,"[""com.google.gson.DefaultDateTypeAdapter#read(com.google.gson.stream.JsonReader)""]",[]
Gson,18,/Users/ashish/master-thesis/Master-Thesis/failure-propagation-and-rca-via-energy-minimization/evals_lambd1/eval_lambd_1.0/Gson_18_1.0.csv,conforming,267,1,1,1,"[""com.google.gson.internal..Gson.Types#getSupertype(java.lang.reflect.Type,java.lang.Class,java.lang.Class)""]",[]
JacksonCore,4,/Users/ashish/master-thesis/Master-Thesis/failure-propagation-and-rca-via-energy-minimization/evals_lambd1/eval_lambd_1.0/JacksonCore_4_1.0.csv,trace_gap,20,1,0,0,[],[]
JacksonCore,5,/Users/ashish/master-thesis/Master-Thesis/failure-propagation-and-rca-via-energy-minimization/evals_lambd1/eval_lambd_1.0/JacksonCore_5_1.0.csv,conforming,9,1,1,1,"[""com.fasterxml.jackson.core.JsonPointer#_parseIndex(java.lang.String)""]",[]
JacksonCore,6,/Users/ashish/master-thesis/Master-Thesis/failure-propagation-and-rca-via-energy-minimization/evals_lambd1/eval_lambd_1.0/JacksonCore_6_1.0.csv,conforming,9,1,1,1,"[""com.fasterxml.jackson.core.JsonPointer#_parseIndex(java.lang.String)""]",[]
JacksonCore,7,/Users/ashish/master-thesis/Master-Thesis/failure-propagation-and-rca-via-energy-minimization/evals_lambd1/eval_lambd_1.0/JacksonCore_7_1.0.csv,conforming,98,1,1,1,"[""com.fasterxml.jackson.core.json.JsonWriteContext#writeValue()""]",[]
JacksonCore,8,/Users/ashish/master-thesis/Master-Thesis/failure-propagation-and-rca-via-energy-minimization/evals_lambd1/eval_lambd_1.0/JacksonCore_8_1.0.csv,trace_gap,20,1,0,0,[],[]
JacksonCore,11,/Users/ashish/master-thesis/Master-Thesis/failure-propagation-and-rca-via-energy-minimization/evals_lambd1/eval_lambd_1.0/JacksonCore_11_1.0.csv,conforming,160,1,1,1,"[""com.fasterxml.jackson.core.sym.ByteQuadsCanonicalizer#_verifySharing()""]",[]
JacksonCore,13,/Users/ashish/master-thesis/Master-Thesis/failure-propagation-and-rca-via-energy-minimization/evals_lambd1/eval_lambd_1.0/JacksonCore_13_1.0.csv,trace_gap,126,1,0,0,[],[]
JacksonCore,14,/Users/ashish/master-thesis/Master-Thesis/failure-propagation-and-rca-via-energy-minimization/evals_lambd1/eval_lambd_1.0/JacksonCore_14_1.0.csv,conforming,11,2,2,2,"[""com.fasterxml.jackson.core.io.IOContext#_verifyRelease(byte[],byte[])"", ""com.fasterxml.jackson.core.io.IOContext#wrongBuf()""]",[]
JacksonCore,15,/Users/ashish/master-thesis/Master-Thesis/failure-propagation-and-rca-via-energy-minimization/evals_lambd1/eval_lambd_1.0/JacksonCore_15_1.0.csv,conforming,181,1,1,1,"[""com.fasterxml.jackson.core.filter.FilteringParserDelegate#nextToken()""]",[]
JacksonCore,20,/Users/ashish/master-thesis/Master-Thesis/failure-propagation-and-rca-via-energy-minimization/evals_lambd1/eval_lambd_1.0/JacksonCore_20_1.0.csv,conforming,246,1,1,1,"[""com.fasterxml.jackson.core.JsonGenerator#writeEmbeddedObject(java.lang.Object)""]",[]
JacksonCore,21,/Users/ashish/master-thesis/Master-Thesis/failure-propagation-and-rca-via-energy-minimization/evals_lambd1/eval_lambd_1.0/JacksonCore_21_1.0.csv,conforming,181,1,1,1,"[""com.fasterxml.jackson.core.filter.FilteringParserDelegate#nextToken()""]",[]
JacksonCore,23,/Users/ashish/master-thesis/Master-Thesis/failure-propagation-and-rca-via-energy-minimization/evals_lambd1/eval_lambd_1.0/JacksonCore_23_1.0.csv,conforming,160,1,1,1,"[""com.fasterxml.jackson.core.util.DefaultPrettyPrinter#createInstance()""]",[]
JacksonCore,25,/Users/ashish/master-thesis/Master-Thesis/failure-propagation-and-rca-via-energy-minimization/evals_lambd1/eval_lambd_1.0/JacksonCore_25_1.0.csv,conforming,242,1,1,1,"[""com.fasterxml.jackson.core.json.ReaderBasedJsonParser#_handleOddName2(int,int,int[])""]",[]
JacksonCore,26,/Users/ashish/master-thesis/Master-Thesis/failure-propagation-and-rca-via-energy-minimization/evals_lambd1/eval_lambd_1.0/JacksonCore_26_1.0.csv,trace_gap,64,1,0,0,[],[]
JacksonDatabind,1,/Users/ashish/master-thesis/Master-Thesis/failure-propagation-and-rca-via-energy-minimization/evals_lambd1/eval_lambd_1.0/JacksonDatabind_1_1.0.csv,conforming,652,1,1,1,"[""com.fasterxml.jackson.databind.ser.BeanPropertyWriter#serializeAsColumn(java.lang.Object,com.fasterxml.jackson.core.JsonGenerator,com.fasterxml.jackson.databind.SerializerProvider)""]",[]
JacksonDatabind,2,/Users/ashish/master-thesis/Master-Thesis/failure-propagation-and-rca-via-energy-minimization/evals_lambd1/eval_lambd_1.0/JacksonDatabind_2_1.0.csv,conforming,926,2,2,2,"[""com.fasterxml.jackson.databind.util.TokenBuffer#writeObject(java.lang.Object)"", ""com.fasterxml.jackson.databind.util.TokenBuffer#writeTree(com.fasterxml.jackson.core.TreeNode)""]",[]
JacksonDatabind,5,/Users/ashish/master-thesis/Master-Thesis/failure-propagation-and-rca-via-energy-minimization/evals_lambd1/eval_lambd_1.0/JacksonDatabind_5_1.0.csv,conforming,346,1,1,1,"[""com.fasterxml.jackson.databind.introspect.AnnotatedClass#_addMethodMixIns(java.lang.Class,com.fasterxml.jackson.databind.introspect.AnnotatedMethodMap,java.lang.Class,com.fasterxml.jackson.databind.introspect.AnnotatedMethodMap)""]",[]
JacksonDatabind,6,/Users/ashish/master-thesis/Master-Thesis/failure-propagation-and-rca-via-energy-minimization/evals_lambd1/eval_lambd_1.0/JacksonDatabind_6_1.0.csv,conforming,604,1,1,1,"[""com.fasterxml.jackson.databind.util.StdDateFormat#parseAsISO8601(java.lang.String,java.text.ParsePosition)""]",[]
JacksonDatabind,7,/Users/ashish/master-thesis/Master-Thesis/failure-propagation-and-rca-via-energy-minimization/evals_lambd1/eval_lambd_1.0/JacksonDatabind_7_1.0.csv,conforming,511,1,1,1,"[""com.fasterxml.jackson.databind.util.TokenBuffer#deserialize(com.fasterxml.jackson.core.JsonParser,com.fasterxml.jackson.databind.DeserializationContext)""]",[]
JacksonDatabind,9,/Users/ashish/master-thesis/Master-Thesis/failure-propagation-and-rca-via-energy-minimization/evals_lambd1/eval_lambd_1.0/JacksonDatabind_9_1.0.csv,conforming,705,1,1,1,"[""com.fasterxml.jackson.databind.ser.std.StdKeySerializer#serialize(java.lang.Object,com.fasterxml.jackson.core.JsonGenerator,com.fasterxml.jackson.databind.SerializerProvider)""]",[]
JacksonDatabind,11,/Users/ashish/master-thesis/Master-Thesis/failure-propagation-and-rca-via-energy-minimization/evals_lambd1/eval_lambd_1.0/JacksonDatabind_11_1.0.csv,conforming,615,1,1,1,"[""com.fasterxml.jackson.databind.type.TypeFactory#_fromVariable(java.lang.reflect.TypeVariable,com.fasterxml.jackson.databind.type.TypeBindings)""]",[]
JacksonDatabind,16,/Users/ashish/master-thesis/Master-Thesis/failure-propagation-and-rca-via-energy-minimization/evals_lambd1/eval_lambd_1.0/JacksonDatabind_16_1.0.csv,conforming,487,1,1,1,"[""com.fasterxml.jackson.databind.introspect.AnnotationMap#_add(java.lang.annotation.Annotation)""]",[]
JacksonDatabind,17,/Users/ashish/master-thesis/Master-Thesis/failure-propagation-and-rca-via-energy-minimization/evals_lambd1/eval_lambd_1.0/JacksonDatabind_17_1.0.csv,conforming,365,1,1,1,"[""com.fasterxml.jackson.databind.ObjectMapper.DefaultTypeResolverBuilder#useForType(com.fasterxml.jackson.databind.JavaType)""]",[]
JacksonDatabind,19,/Users/ashish/master-thesis/Master-Thesis/failure-propagation-and-rca-via-energy-minimization/evals_lambd1/eval_lambd_1.0/JacksonDatabind_19_1.0.csv,conforming,848,1,1,1,"[""com.fasterxml.jackson.databind.type.TypeFactory#_mapType(java.lang.Class)""]",[]
JacksonDatabind,20,/Users/ashish/master-thesis/Master-Thesis/failure-propagation-and-rca-via-energy-minimization/evals_lambd1/eval_lambd_1.0/JacksonDatabind_20_1.0.csv,trace_gap,749,1,0,0,[],[]
JacksonDatabind,24,/Users/ashish/master-thesis/Master-Thesis/failure-propagation-and-rca-via-energy-minimization/evals_lambd1/eval_lambd_1.0/JacksonDatabind_24_1.0.csv,conforming,881,1,1,1,"[""com.fasterxml.jackson.databind.cfg.BaseSettings#withDateFormat(java.text.DateFormat)""]",[]
JacksonDatabind,28,/Users/ashish/master-thesis/Master-Thesis/failure-propagation-and-rca-via-energy-minimization/evals_lambd1/eval_lambd_1.0/JacksonDatabind_28_1.0.csv,conforming,771,1,1,1,"[""com.fasterxml.jackson.databind.deser.std.JsonNodeDeserializer.ObjectDeserializer#deserialize(com.fasterxml.jackson.core.JsonParser,com.fasterxml.jackson.databind.DeserializationContext)""]",[]
JacksonXml,1,/Users/ashish/master-thesis/Master-Thesis/failure-propagation-and-rca-via-energy-minimization/evals_lambd1/eval_lambd_1.0/JacksonXml_1_1.0.csv,conforming,84,1,1,1,"[""com.fasterxml.jackson.dataformat.xml.deser.FromXmlParser#nextToken()""]",[]
JacksonXml,3,/Users/ashish/master-thesis/Master-Thesis/failure-propagation-and-rca-via-energy-minimization/evals_lambd1/eval_lambd_1.0/JacksonXml_3_1.0.csv,conforming,26,1,1,1,"[""com.fasterxml.jackson.dataformat.xml.deser.FromXmlParser#nextTextValue()""]",[]
JacksonXml,4,/Users/ashish/master-thesis/Master-Thesis/failure-propagation-and-rca-via-energy-minimization/evals_lambd1/eval_lambd_1.0/JacksonXml_4_1.0.csv,conforming,78,1,1,1,"[""com.fasterxml.jackson.dataformat.xml.ser.XmlSerializerProvider#_serializeXmlNull(com.fasterxml.jackson.core.JsonGenerator)""]",[]
JacksonXml,5,/Users/ashish/master-thesis/Master-Thesis/failure-propagation-and-rca-via-energy-minimization/evals_lambd1/eval_lambd_1.0/JacksonXml_5_1.0.csv,conforming,91,1,1,1,"[""com.fasterxml.jackson.dataformat.xml.ser.XmlSerializerProvider#XmlSerializerProvider(com.fasterxml.jackson.dataformat.xml.ser.XmlSerializerProvider)""]",[]
Jsoup,1,/Users/ashish/master-thesis/Master-Thesis/failure-propagation-and-rca-via-energy-minimization/evals_lambd1/eval_lambd_1.0/Jsoup_1_1.0.csv,conforming,163,1,1,1,"[""org.jsoup.nodes.Document#normalise(org.jsoup.nodes.Element)""]",[]
Jsoup,2,/Users/ashish/master-thesis/Master-Thesis/failure-propagation-and-rca-via-energy-minimization/evals_lambd1/eval_lambd_1.0/Jsoup_2_1.0.csv,conforming,163,1,1,1,"[""org.jsoup.parser.Parser#parseStartTag()""]",[]
Jsoup,4,/Users/ashish/master-thesis/Master-Thesis/failure-propagation-and-rca-via-energy-minimization/evals_lambd1/eval_lambd_1.0/Jsoup_4_1.0.csv,trace_gap,1,1,0,0,[],[]
Jsoup,5,/Users/ashish/master-thesis/Master-Thesis/failure-propagation-and-rca-via-energy-minimization/evals_lambd1/eval_lambd_1.0/Jsoup_5_1.0.csv,conforming,223,1,1,1,"[""org.jsoup.parser.Parser#parseAttribute()""]",[]
Jsoup,6,/Users/ashish/master-thesis/Master-Thesis/failure-propagation-and-rca-via-energy-minimization/evals_lambd1/eval_lambd_1.0/Jsoup_6_1.0.csv,trace_gap,1,1,0,0,[],[]
Jsoup,8,/Users/ashish/master-thesis/Master-Thesis/failure-propagation-and-rca-via-energy-minimization/evals_lambd1/eval_lambd_1.0/Jsoup_8_1.0.csv,trace_gap,275,2,1,1,"[""org.jsoup.nodes.Node#outerHtml(java.lang.StringBuilder)""]",[]
Jsoup,10,/Users/ashish/master-thesis/Master-Thesis/failure-propagation-and-rca-via-energy-minimization/evals_lambd1/eval_lambd_1.0/Jsoup_10_1.0.csv,conforming,185,1,1,1,"[""org.jsoup.nodes.Node#absUrl(java.lang.String)""]",[]
Jsoup,13,/Users/ashish/master-thesis/Master-Thesis/failure-propagation-and-rca-via-energy-minimization/evals_lambd1/eval_lambd_1.0/Jsoup_13_1.0.csv,conforming,463,1,1,1,"[""org.jsoup.nodes.Node#hasAttr(java.lang.String)""]",[]
Jsoup,15,/Users/ashish/master-thesis/Master-Thesis/failure-propagation-and-rca-via-energy-minimization/evals_lambd1/eval_lambd_1.0/Jsoup_15_1.0.csv,conforming,536,1,1,1,"[""org.jsoup.parser.TreeBuilderState.7#process(org.jsoup.parser.Token,org.jsoup.parser.TreeBuilder)""]",[]
Jsoup,17,/Users/ashish/master-thesis/Master-Thesis/failure-propagation-and-rca-via-energy-minimization/evals_lambd1/eval_lambd_1.0/Jsoup_17_1.0.csv,representation_gap,548,0,0,0,[],[]
Jsoup,18,/Users/ashish/master-thesis/Master-Thesis/failure-propagation-and-rca-via-energy-minimization/evals_lambd1/eval_lambd_1.0/Jsoup_18_1.0.csv,trace_gap,549,2,1,1,"[""org.jsoup.parser.CharacterReader#CharacterReader(java.lang.String)""]",[]
Jsoup,19,/Users/ashish/master-thesis/Master-Thesis/failure-propagation-and-rca-via-energy-minimization/evals_lambd1/eval_lambd_1.0/Jsoup_19_1.0.csv,trace_gap,388,1,0,0,[],[]
Jsoup,20,/Users/ashish/master-thesis/Master-Thesis/failure-propagation-and-rca-via-energy-minimization/evals_lambd1/eval_lambd_1.0/Jsoup_20_1.0.csv,conforming,253,1,1,1,"[""org.jsoup.helper.DataUtil#parseByteData(java.nio.ByteBuffer,java.lang.String,java.lang.String,org.jsoup.parser.Parser)""]",[]
Jsoup,24,/Users/ashish/master-thesis/Master-Thesis/failure-propagation-and-rca-via-energy-minimization/evals_lambd1/eval_lambd_1.0/Jsoup_24_1.0.csv,conforming,574,1,1,1,"[""org.jsoup.parser.TokeniserState.27#read(org.jsoup.parser.Tokeniser,org.jsoup.parser.CharacterReader)""]",[]
Jsoup,25,/Users/ashish/master-thesis/Master-Thesis/failure-propagation-and-rca-via-energy-minimization/evals_lambd1/eval_lambd_1.0/Jsoup_25_1.0.csv,representation_gap,576,0,0,0,[],[]
Jsoup,26,/Users/ashish/master-thesis/Master-Thesis/failure-propagation-and-rca-via-energy-minimization/evals_lambd1/eval_lambd_1.0/Jsoup_26_1.0.csv,conforming,422,1,1,1,"[""org.jsoup.safety.Cleaner#clean(org.jsoup.nodes.Document)""]",[]
Jsoup,27,/Users/ashish/master-thesis/Master-Thesis/failure-propagation-and-rca-via-energy-minimization/evals_lambd1/eval_lambd_1.0/Jsoup_27_1.0.csv,trace_gap,243,1,0,0,[],[]
Jsoup,29,/Users/ashish/master-thesis/Master-Thesis/failure-propagation-and-rca-via-energy-minimization/evals_lambd1/eval_lambd_1.0/Jsoup_29_1.0.csv,conforming,403,1,1,1,"[""org.jsoup.nodes.Document#title()""]",[]
Jsoup,32,/Users/ashish/master-thesis/Master-Thesis/failure-propagation-and-rca-via-energy-minimization/evals_lambd1/eval_lambd_1.0/Jsoup_32_1.0.csv,conforming,538,1,1,1,"[""org.jsoup.nodes.Element#clone()""]",[]
Jsoup,33,/Users/ashish/master-thesis/Master-Thesis/failure-propagation-and-rca-via-energy-minimization/evals_lambd1/eval_lambd_1.0/Jsoup_33_1.0.csv,conforming,598,1,1,1,"[""org.jsoup.parser.HtmlTreeBuilder#insert(org.jsoup.parser.Token.StartTag)""]",[]
Jsoup,34,/Users/ashish/master-thesis/Master-Thesis/failure-propagation-and-rca-via-energy-minimization/evals_lambd1/eval_lambd_1.0/Jsoup_34_1.0.csv,conforming,598,1,1,1,"[""org.jsoup.parser.CharacterReader#nextIndexOf(java.lang.CharSequence)""]",[]
Jsoup,35,/Users/ashish/master-thesis/Master-Thesis/failure-propagation-and-rca-via-energy-minimization/evals_lambd1/eval_lambd_1.0/Jsoup_35_1.0.csv,conforming,599,1,1,1,"[""org.jsoup.parser.HtmlTreeBuilderState.7#process(org.jsoup.parser.Token,org.jsoup.parser.HtmlTreeBuilder)""]",[]
Jsoup,37,/Users/ashish/master-thesis/Master-Thesis/failure-propagation-and-rca-via-energy-minimization/evals_lambd1/eval_lambd_1.0/Jsoup_37_1.0.csv,conforming,561,1,1,1,"[""org.jsoup.nodes.Element#html()""]",[]
Jsoup,38,/Users/ashish/master-thesis/Master-Thesis/failure-propagation-and-rca-via-energy-minimization/evals_lambd1/eval_lambd_1.0/Jsoup_38_1.0.csv,conforming,617,1,1,1,"[""org.jsoup.parser.HtmlTreeBuilderState.7#process(org.jsoup.parser.Token,org.jsoup.parser.HtmlTreeBuilder)""]",[]
Jsoup,39,/Users/ashish/master-thesis/Master-Thesis/failure-propagation-and-rca-via-energy-minimization/evals_lambd1/eval_lambd_1.0/Jsoup_39_1.0.csv,conforming,327,1,1,1,"[""org.jsoup.helper.DataUtil#parseByteData(java.nio.ByteBuffer,java.lang.String,java.lang.String,org.jsoup.parser.Parser)""]",[]
Jsoup,40,/Users/ashish/master-thesis/Master-Thesis/failure-propagation-and-rca-via-energy-minimization/evals_lambd1/eval_lambd_1.0/Jsoup_40_1.0.csv,conforming,623,1,1,1,"[""org.jsoup.nodes.DocumentType#DocumentType(java.lang.String,java.lang.String,java.lang.String,java.lang.String)""]",[]
Jsoup,41,/Users/ashish/master-thesis/Master-Thesis/failure-propagation-and-rca-via-energy-minimization/evals_lambd1/eval_lambd_1.0/Jsoup_41_1.0.csv,conforming,597,1,1,1,"[""org.jsoup.nodes.Element#equals(java.lang.Object)""]",[]
Jsoup,42,/Users/ashish/master-thesis/Master-Thesis/failure-propagation-and-rca-via-energy-minimization/evals_lambd1/eval_lambd_1.0/Jsoup_42_1.0.csv,conforming,409,1,1,1,"[""org.jsoup.nodes.FormElement#formData()""]",[]
Jsoup,43,/Users/ashish/master-thesis/Master-Thesis/failure-propagation-and-rca-via-energy-minimization/evals_lambd1/eval_lambd_1.0/Jsoup_43_1.0.csv,conforming,609,1,1,1,"[""org.jsoup.nodes.Element#indexInList(org.jsoup.nodes.Element,java.util.List)""]",[]
Jsoup,44,/Users/ashish/master-thesis/Master-Thesis/failure-propagation-and-rca-via-energy-minimization/evals_lambd1/eval_lambd_1.0/Jsoup_44_1.0.csv,conforming,648,2,3,3,"[""org.jsoup.parser.TreeBuilder#processEndTag(java.lang.String)"", ""org.jsoup.parser.TreeBuilder#processStartTag(java.lang.String)"", ""org.jsoup.parser.TreeBuilder#processStartTag(java.lang.String,org.jsoup.nodes.Attributes)""]",[]
Jsoup,45,/Users/ashish/master-thesis/Master-Thesis/failure-propagation-and-rca-via-energy-minimization/evals_lambd1/eval_lambd_1.0/Jsoup_45_1.0.csv,conforming,652,1,1,1,"[""org.jsoup.parser.HtmlTreeBuilder#resetInsertionMode()""]",[]
Jsoup,46,/Users/ashish/master-thesis/Master-Thesis/failure-propagation-and-rca-via-energy-minimization/evals_lambd1/eval_lambd_1.0/Jsoup_46_1.0.csv,conforming,613,1,1,1,"[""org.jsoup.nodes.Entities#escape(java.lang.StringBuilder,java.lang.String,org.jsoup.nodes.Document.OutputSettings,boolean,boolean,boolean)""]",[]
Jsoup,47,/Users/ashish/master-thesis/Master-Thesis/failure-propagation-and-rca-via-energy-minimization/evals_lambd1/eval_lambd_1.0/Jsoup_47_1.0.csv,conforming,360,1,1,1,"[""org.jsoup.nodes.Entities#escape(java.lang.StringBuilder,java.lang.String,org.jsoup.nodes.Document.OutputSettings,boolean,boolean,boolean)""]",[]
Jsoup,48,/Users/ashish/master-thesis/Master-Thesis/failure-propagation-and-rca-via-energy-minimization/evals_lambd1/eval_lambd_1.0/Jsoup_48_1.0.csv,conforming,80,1,1,1,"[""org.jsoup.helper.HttpConnection.Response#processResponseHeaders(java.util.Map)""]",[]
Jsoup,49,/Users/ashish/master-thesis/Master-Thesis/failure-propagation-and-rca-via-energy-minimization/evals_lambd1/eval_lambd_1.0/Jsoup_49_1.0.csv,conforming,621,1,1,1,"[""org.jsoup.nodes.Node#addChildren(int,org.jsoup.nodes.Node[])""]",[]
Jsoup,50,/Users/ashish/master-thesis/Master-Thesis/failure-propagation-and-rca-via-energy-minimization/evals_lambd1/eval_lambd_1.0/Jsoup_50_1.0.csv,conforming,408,1,1,1,"[""org.jsoup.helper.DataUtil#parseByteData(java.nio.ByteBuffer,java.lang.String,java.lang.String,org.jsoup.parser.Parser)""]",[]
Jsoup,51,/Users/ashish/master-thesis/Master-Thesis/failure-propagation-and-rca-via-energy-minimization/evals_lambd1/eval_lambd_1.0/Jsoup_51_1.0.csv,conforming,664,1,1,1,"[""org.jsoup.parser.CharacterReader#matchesLetter()""]",[]
Jsoup,53,/Users/ashish/master-thesis/Master-Thesis/failure-propagation-and-rca-via-energy-minimization/evals_lambd1/eval_lambd_1.0/Jsoup_53_1.0.csv,conforming,494,1,1,1,"[""org.jsoup.parser.TokenQueue#chompBalanced(char,char)""]",[]
Jsoup,54,/Users/ashish/master-thesis/Master-Thesis/failure-propagation-and-rca-via-energy-minimization/evals_lambd1/eval_lambd_1.0/Jsoup_54_1.0.csv,conforming,469,1,1,1,"[""org.jsoup.helper.W3CDom.W3CBuilder#copyAttributes(org.jsoup.nodes.Node,org.w3c.dom.Element)""]",[]
Jsoup,55,/Users/ashish/master-thesis/Master-Thesis/failure-propagation-and-rca-via-energy-minimization/evals_lambd1/eval_lambd_1.0/Jsoup_55_1.0.csv,conforming,373,1,1,1,"[""org.jsoup.parser.TokeniserState.42#read(org.jsoup.parser.Tokeniser,org.jsoup.parser.CharacterReader)""]",[]
Jsoup,57,/Users/ashish/master-thesis/Master-Thesis/failure-propagation-and-rca-via-energy-minimization/evals_lambd1/eval_lambd_1.0/Jsoup_57_1.0.csv,conforming,637,1,1,1,"[""org.jsoup.nodes.Attributes#removeIgnoreCase(java.lang.String)""]",[]
Jsoup,61,/Users/ashish/master-thesis/Master-Thesis/failure-propagation-and-rca-via-energy-minimization/evals_lambd1/eval_lambd_1.0/Jsoup_61_1.0.csv,conforming,557,1,1,1,"[""org.jsoup.nodes.Element#hasClass(java.lang.String)""]",[]
Jsoup,62,/Users/ashish/master-thesis/Master-Thesis/failure-propagation-and-rca-via-energy-minimization/evals_lambd1/eval_lambd_1.0/Jsoup_62_1.0.csv,conforming,697,1,1,1,"[""org.jsoup.parser.HtmlTreeBuilderState.7#anyOtherEndTag(org.jsoup.parser.Token,org.jsoup.parser.HtmlTreeBuilder)""]",[]
Jsoup,64,/Users/ashish/master-thesis/Master-Thesis/failure-propagation-and-rca-via-energy-minimization/evals_lambd1/eval_lambd_1.0/Jsoup_64_1.0.csv,conforming,743,1,1,1,"[""org.jsoup.parser.HtmlTreeBuilderState#handleRawtext(org.jsoup.parser.Token.StartTag,org.jsoup.parser.HtmlTreeBuilder)""]",[]
Jsoup,67,/Users/ashish/master-thesis/Master-Thesis/failure-propagation-and-rca-via-energy-minimization/evals_lambd1/eval_lambd_1.0/Jsoup_67_1.0.csv,conforming,768,1,1,1,"[""org.jsoup.parser.HtmlTreeBuilder#inSpecificScope(java.lang.String[],java.lang.String[],java.lang.String[])""]",[]
Jsoup,68,/Users/ashish/master-thesis/Master-Thesis/failure-propagation-and-rca-via-energy-minimization/evals_lambd1/eval_lambd_1.0/Jsoup_68_1.0.csv,conforming,751,1,1,1,"[""org.jsoup.parser.HtmlTreeBuilder#inSpecificScope(java.lang.String[],java.lang.String[],java.lang.String[])""]",[]
Jsoup,69,/Users/ashish/master-thesis/Master-Thesis/failure-propagation-and-rca-via-energy-minimization/evals_lambd1/eval_lambd_1.0/Jsoup_69_1.0.csv,trace_gap,478,1,0,0,[],[]
Jsoup,70,/Users/ashish/master-thesis/Master-Thesis/failure-propagation-and-rca-via-energy-minimization/evals_lambd1/eval_lambd_1.0/Jsoup_70_1.0.csv,conforming,747,1,1,1,"[""org.jsoup.nodes.Element#preserveWhitespace(org.jsoup.nodes.Node)""]",[]
Jsoup,72,/Users/ashish/master-thesis/Master-Thesis/failure-propagation-and-rca-via-energy-minimization/evals_lambd1/eval_lambd_1.0/Jsoup_72_1.0.csv,conforming,747,1,1,1,"[""org.jsoup.parser.CharacterReader#cacheString(char[],java.lang.String[],int,int)""]",[]
Jsoup,75,/Users/ashish/master-thesis/Master-Thesis/failure-propagation-and-rca-via-energy-minimization/evals_lambd1/eval_lambd_1.0/Jsoup_75_1.0.csv,conforming,757,1,1,1,"[""org.jsoup.nodes.Attributes#html(java.lang.Appendable,org.jsoup.nodes.Document.OutputSettings)""]",[]
Jsoup,76,/Users/ashish/master-thesis/Master-Thesis/failure-propagation-and-rca-via-energy-minimization/evals_lambd1/eval_lambd_1.0/Jsoup_76_1.0.csv,conforming,771,1,1,1,"[""org.jsoup.parser.HtmlTreeBuilderState.7#process(org.jsoup.parser.Token,org.jsoup.parser.HtmlTreeBuilder)""]",[]
Jsoup,77,/Users/ashish/master-thesis/Master-Thesis/failure-propagation-and-rca-via-energy-minimization/evals_lambd1/eval_lambd_1.0/Jsoup_77_1.0.csv,conforming,539,1,1,1,"[""org.jsoup.parser.XmlTreeBuilder#popStackToClose(org.jsoup.parser.Token.EndTag)""]",[]
Jsoup,78,/Users/ashish/master-thesis/Master-Thesis/failure-propagation-and-rca-via-energy-minimization/evals_lambd1/eval_lambd_1.0/Jsoup_78_1.0.csv,conforming,575,1,1,1,"[""org.jsoup.helper.DataUtil#parseInputStream(java.io.InputStream,java.lang.String,java.lang.String,org.jsoup.parser.Parser)""]",[]
Jsoup,79,/Users/ashish/master-thesis/Master-Thesis/failure-propagation-and-rca-via-energy-minimization/evals_lambd1/eval_lambd_1.0/Jsoup_79_1.0.csv,conforming,402,1,1,1,"[""org.jsoup.nodes.LeafNode#ensureChildNodes()""]",[]
Jsoup,80,/Users/ashish/master-thesis/Master-Thesis/failure-propagation-and-rca-via-energy-minimization/evals_lambd1/eval_lambd_1.0/Jsoup_80_1.0.csv,conforming,540,1,1,1,"[""org.jsoup.parser.XmlTreeBuilder#insert(org.jsoup.parser.Token.Comment)""]",[]
Jsoup,81,/Users/ashish/master-thesis/Master-Thesis/failure-propagation-and-rca-via-energy-minimization/evals_lambd1/eval_lambd_1.0/Jsoup_81_1.0.csv,conforming,493,1,1,1,"[""org.jsoup.helper.DataUtil#parseInputStream(java.io.InputStream,java.lang.String,java.lang.String,org.jsoup.parser.Parser)""]",[]
Jsoup,82,/Users/ashish/master-thesis/Master-Thesis/failure-propagation-and-rca-via-energy-minimization/evals_lambd1/eval_lambd_1.0/Jsoup_82_1.0.csv,conforming,792,1,1,1,"[""org.jsoup.helper.DataUtil#parseInputStream(java.io.InputStream,java.lang.String,java.lang.String,org.jsoup.parser.Parser)""]",[]
Jsoup,84,/Users/ashish/master-thesis/Master-Thesis/failure-propagation-and-rca-via-energy-minimization/evals_lambd1/eval_lambd_1.0/Jsoup_84_1.0.csv,conforming,511,1,1,1,"[""org.jsoup.helper.W3CDom.W3CBuilder#head(org.jsoup.nodes.Node,int)""]",[]
Jsoup,85,/Users/ashish/master-thesis/Master-Thesis/failure-propagation-and-rca-via-energy-minimization/evals_lambd1/eval_lambd_1.0/Jsoup_85_1.0.csv,conforming,61,1,1,1,"[""org.jsoup.nodes.Attribute#Attribute(java.lang.String,java.lang.String,org.jsoup.nodes.Attributes)""]",[]
Jsoup,86,/Users/ashish/master-thesis/Master-Thesis/failure-propagation-and-rca-via-energy-minimization/evals_lambd1/eval_lambd_1.0/Jsoup_86_1.0.csv,conforming,558,1,1,1,"[""org.jsoup.nodes.Comment#asXmlDeclaration()""]",[]
Jsoup,88,/Users/ashish/master-thesis/Master-Thesis/failure-propagation-and-rca-via-energy-minimization/evals_lambd1/eval_lambd_1.0/Jsoup_88_1.0.csv,trace_gap,287,1,0,0,[],[]
Jsoup,89,/Users/ashish/master-thesis/Master-Thesis/failure-propagation-and-rca-via-energy-minimization/evals_lambd1/eval_lambd_1.0/Jsoup_89_1.0.csv,trace_gap,288,1,0,0,[],[]
Jsoup,90,/Users/ashish/master-thesis/Master-Thesis/failure-propagation-and-rca-via-energy-minimization/evals_lambd1/eval_lambd_1.0/Jsoup_90_1.0.csv,conforming,112,1,1,1,"[""org.jsoup.helper.HttpConnection.Base#looksLikeUtf8(byte[])""]",[]
Jsoup,93,/Users/ashish/master-thesis/Master-Thesis/failure-propagation-and-rca-via-energy-minimization/evals_lambd1/eval_lambd_1.0/Jsoup_93_1.0.csv,conforming,499,1,1,1,"[""org.jsoup.nodes.FormElement#formData()""]",[]
JxPath,5,/Users/ashish/master-thesis/Master-Thesis/failure-propagation-and-rca-via-energy-minimization/evals_lambd1/eval_lambd_1.0/JxPath_5_1.0.csv,trace_gap,347,1,0,0,[],[]
JxPath,6,/Users/ashish/master-thesis/Master-Thesis/failure-propagation-and-rca-via-energy-minimization/evals_lambd1/eval_lambd_1.0/JxPath_6_1.0.csv,trace_gap,19,1,0,0,[],[]
JxPath,8,/Users/ashish/master-thesis/Master-Thesis/failure-propagation-and-rca-via-energy-minimization/evals_lambd1/eval_lambd_1.0/JxPath_8_1.0.csv,conforming,275,1,1,1,"[""org.apache.commons.jxpath.ri.compiler.CoreOperationRelationalExpression#compute(java.lang.Object,java.lang.Object)""]",[]
JxPath,10,/Users/ashish/master-thesis/Master-Thesis/failure-propagation-and-rca-via-energy-minimization/evals_lambd1/eval_lambd_1.0/JxPath_10_1.0.csv,conforming,447,1,1,1,"[""org.apache.commons.jxpath.ri.compiler.CoreOperationRelationalExpression#computeValue(org.apache.commons.jxpath.ri.EvalContext)""]",[]
JxPath,12,/Users/ashish/master-thesis/Master-Thesis/failure-propagation-and-rca-via-energy-minimization/evals_lambd1/eval_lambd_1.0/JxPath_12_1.0.csv,trace_gap,45,1,0,0,[],[]
JxPath,14,/Users/ashish/master-thesis/Master-Thesis/failure-propagation-and-rca-via-energy-minimization/evals_lambd1/eval_lambd_1.0/JxPath_14_1.0.csv,trace_gap,19,3,0,0,[],[]
JxPath,15,/Users/ashish/master-thesis/Master-Thesis/failure-propagation-and-rca-via-energy-minimization/evals_lambd1/eval_lambd_1.0/JxPath_15_1.0.csv,conforming,714,1,1,1,"[""org.apache.commons.jxpath.ri.axes.UnionContext#setPosition(int)""]",[]
JxPath,18,/Users/ashish/master-thesis/Master-Thesis/failure-propagation-and-rca-via-energy-minimization/evals_lambd1/eval_lambd_1.0/JxPath_18_1.0.csv,conforming,714,1,1,1,"[""org.apache.commons.jxpath.ri.axes.AttributeContext#nextNode()""]",[]
JxPath,21,/Users/ashish/master-thesis/Master-Thesis/failure-propagation-and-rca-via-energy-minimization/evals_lambd1/eval_lambd_1.0/JxPath_21_1.0.csv,trace_gap,23,1,0,0,[],[]
JxPath,22,/Users/ashish/master-thesis/Master-Thesis/failure-propagation-and-rca-via-energy-minimization/evals_lambd1/eval_lambd_1.0/JxPath_22_1.0.csv,trace_gap,268,1,0,0,[],[]
Lang,40,/Users/ashish/master-thesis/Master-Thesis/failure-propagation-and-rca-via-energy-minimization/evals_lambd1/eval_lambd_1.0/Lang_40_1.0.csv,conforming,19,1,1,1,"[""org.apache.commons.lang.StringUtils#containsIgnoreCase(java.lang.String,java.lang.String)""]",[]
Lang,42,/Users/ashish/master-thesis/Master-Thesis/failure-propagation-and-rca-via-energy-minimization/evals_lambd1/eval_lambd_1.0/Lang_42_1.0.csv,conforming,54,1,1,1,"[""org.apache.commons.lang.Entities#escape(java.io.Writer,java.lang.String)""]",[]
Lang,43,/Users/ashish/master-thesis/Master-Thesis/failure-propagation-and-rca-via-energy-minimization/evals_lambd1/eval_lambd_1.0/Lang_43_1.0.csv,conforming,26,1,1,1,"[""org.apache.commons.lang.text.ExtendedMessageFormat#appendQuotedString(java.lang.String,java.text.ParsePosition,java.lang.StringBuffer,boolean)""]",[]
Lang,44,/Users/ashish/master-thesis/Master-Thesis/failure-propagation-and-rca-via-energy-minimization/evals_lambd1/eval_lambd_1.0/Lang_44_1.0.csv,conforming,20,1,1,1,"[""org.apache.commons.lang.NumberUtils#createNumber(java.lang.String)""]",[]
Lang,45,/Users/ashish/master-thesis/Master-Thesis/failure-propagation-and-rca-via-energy-minimization/evals_lambd1/eval_lambd_1.0/Lang_45_1.0.csv,conforming,21,1,1,1,"[""org.apache.commons.lang.WordUtils#abbreviate(java.lang.String,int,int,java.lang.String)""]",[]
Lang,49,/Users/ashish/master-thesis/Master-Thesis/failure-propagation-and-rca-via-energy-minimization/evals_lambd1/eval_lambd_1.0/Lang_49_1.0.csv,conforming,28,1,1,1,"[""org.apache.commons.lang.math.Fraction#reduce()""]",[]
Lang,51,/Users/ashish/master-thesis/Master-Thesis/failure-propagation-and-rca-via-energy-minimization/evals_lambd1/eval_lambd_1.0/Lang_51_1.0.csv,trace_gap,16,1,0,0,[],[]
Lang,52,/Users/ashish/master-thesis/Master-Thesis/failure-propagation-and-rca-via-energy-minimization/evals_lambd1/eval_lambd_1.0/Lang_52_1.0.csv,conforming,48,1,1,1,"[""org.apache.commons.lang.StringEscapeUtils#escapeJavaStyleString(java.io.Writer,java.lang.String,boolean)""]",[]
Lang,53,/Users/ashish/master-thesis/Master-Thesis/failure-propagation-and-rca-via-energy-minimization/evals_lambd1/eval_lambd_1.0/Lang_53_1.0.csv,conforming,29,1,1,1,"[""org.apache.commons.lang.time.DateUtils#modify(java.util.Calendar,int,boolean)""]",[]
Lang,54,/Users/ashish/master-thesis/Master-Thesis/failure-propagation-and-rca-via-energy-minimization/evals_lambd1/eval_lambd_1.0/Lang_54_1.0.csv,trace_gap,7,1,0,0,[],[]
Lang,55,/Users/ashish/master-thesis/Master-Thesis/failure-propagation-and-rca-via-energy-minimization/evals_lambd1/eval_lambd_1.0/Lang_55_1.0.csv,trace_gap,16,1,0,0,[],[]
Lang,56,/Users/ashish/master-thesis/Master-Thesis/failure-propagation-and-rca-via-energy-minimization/evals_lambd1/eval_lambd_1.0/Lang_56_1.0.csv,trace_gap,62,1,0,0,[],[]
Lang,58,/Users/ashish/master-thesis/Master-Thesis/failure-propagation-and-rca-via-energy-minimization/evals_lambd1/eval_lambd_1.0/Lang_58_1.0.csv,conforming,33,1,1,1,"[""org.apache.commons.lang.math.NumberUtils#createNumber(java.lang.String)""]",[]
Lang,59,/Users/ashish/master-thesis/Master-Thesis/failure-propagation-and-rca-via-energy-minimization/evals_lambd1/eval_lambd_1.0/Lang_59_1.0.csv,conforming,50,1,1,1,"[""org.apache.commons.lang.text.StrBuilder#appendFixedWidthPadRight(java.lang.Object,int,char)""]",[]
Lang,61,/Users/ashish/master-thesis/Master-Thesis/failure-propagation-and-rca-via-energy-minimization/evals_lambd1/eval_lambd_1.0/Lang_61_1.0.csv,conforming,112,1,1,1,"[""org.apache.commons.lang.text.StrBuilder#indexOf(java.lang.String,int)""]",[]
Lang,62,/Users/ashish/master-thesis/Master-Thesis/failure-propagation-and-rca-via-energy-minimization/evals_lambd1/eval_lambd_1.0/Lang_62_1.0.csv,conforming,31,1,2,2,"[""org.apache.commons.lang.Entities#unescape(java.io.Writer,java.lang.String)"", ""org.apache.commons.lang.Entities#unescape(java.lang.String)""]",[]
Lang,63,/Users/ashish/master-thesis/Master-Thesis/failure-propagation-and-rca-via-energy-minimization/evals_lambd1/eval_lambd_1.0/Lang_63_1.0.csv,conforming,56,2,2,2,"[""org.apache.commons.lang.time.DurationFormatUtils#formatPeriod(long,long,java.lang.String,boolean,java.util.TimeZone)"", ""org.apache.commons.lang.time.DurationFormatUtils#reduceAndCorrect(java.util.Calendar,java.util.Calendar,int,int)""]",[]
Lang,65,/Users/ashish/master-thesis/Master-Thesis/failure-propagation-and-rca-via-energy-minimization/evals_lambd1/eval_lambd_1.0/Lang_65_1.0.csv,conforming,29,1,1,1,"[""org.apache.commons.lang.time.DateUtils#modify(java.util.Calendar,int,boolean)""]",[]
Math,38,/Users/ashish/master-thesis/Master-Thesis/failure-propagation-and-rca-via-energy-minimization/evals_lambd1/eval_lambd_1.0/Math_38_1.0.csv,conforming,79,1,1,1,"[""org.apache.commons.math.optimization.direct.BOBYQAOptimizer#prelim(double[],double[])""]",[]
Math,39,/Users/ashish/master-thesis/Master-Thesis/failure-propagation-and-rca-via-energy-minimization/evals_lambd1/eval_lambd_1.0/Math_39_1.0.csv,conforming,164,1,1,1,"[""org.apache.commons.math.ode.nonstiff.EmbeddedRungeKuttaIntegrator#integrate(org.apache.commons.math.ode.ExpandableStatefulODE,double)""]",[]
Math,40,/Users/ashish/master-thesis/Master-Thesis/failure-propagation-and-rca-via-energy-minimization/evals_lambd1/eval_lambd_1.0/Math_40_1.0.csv,conforming,102,1,1,1,"[""org.apache.commons.math.analysis.solvers.BracketingNthOrderBrentSolver#doSolve()""]",[]
Math,41,/Users/ashish/master-thesis/Master-Thesis/failure-propagation-and-rca-via-energy-minimization/evals_lambd1/eval_lambd_1.0/Math_41_1.0.csv,conforming,86,1,1,1,"[""org.apache.commons.math.stat.descriptive.moment.Variance#evaluate(double[],double[],double,int,int)""]",[]
Math,42,/Users/ashish/master-thesis/Master-Thesis/failure-propagation-and-rca-via-energy-minimization/evals_lambd1/eval_lambd_1.0/Math_42_1.0.csv,conforming,98,1,1,1,"[""org.apache.commons.math.optimization.linear.SimplexTableau#getSolution()""]",[]
Math,43,/Users/ashish/master-thesis/Master-Thesis/failure-propagation-and-rca-via-energy-minimization/evals_lambd1/eval_lambd_1.0/Math_43_1.0.csv,conforming,135,1,1,1,"[""org.apache.commons.math.stat.descriptive.SummaryStatistics#addValue(double)""]",[]
Math,46,/Users/ashish/master-thesis/Master-Thesis/failure-propagation-and-rca-via-energy-minimization/evals_lambd1/eval_lambd_1.0/Math_46_1.0.csv,conforming,77,1,2,2,"[""org.apache.commons.math.complex.Complex#divide(double)"", ""org.apache.commons.math.complex.Complex#divide(org.apache.commons.math.complex.Complex)""]",[]
Math,48,/Users/ashish/master-thesis/Master-Thesis/failure-propagation-and-rca-via-energy-minimization/evals_lambd1/eval_lambd_1.0/Math_48_1.0.csv,conforming,76,1,1,1,"[""org.apache.commons.math.analysis.solvers.BaseSecantSolver#doSolve()""]",[]
Math,50,/Users/ashish/master-thesis/Master-Thesis/failure-propagation-and-rca-via-energy-minimization/evals_lambd1/eval_lambd_1.0/Math_50_1.0.csv,conforming,64,1,1,1,"[""org.apache.commons.math.analysis.solvers.BaseSecantSolver#doSolve()""]",[]
Math,51,/Users/ashish/master-thesis/Master-Thesis/failure-propagation-and-rca-via-energy-minimization/evals_lambd1/eval_lambd_1.0/Math_51_1.0.csv,conforming,76,1,1,1,"[""org.apache.commons.math.analysis.solvers.BaseSecantSolver#doSolve()""]",[]
Math,52,/Users/ashish/master-thesis/Master-Thesis/failure-propagation-and-rca-via-energy-minimization/evals_lambd1/eval_lambd_1.0/Math_52_1.0.csv,conforming,73,1,1,1,"[""org.apache.commons.math.geometry.euclidean.threed.Rotation#Rotation(org.apache.commons.math.geometry.euclidean.threed.Vector3D,org.apache.commons.math.geometry.euclidean.threed.Vector3D,org.apache.commons.math.geometry.euclidean.threed.Vector3D,org.apache.commons.math.geometry.euclidean.threed.Vector3D)""]",[]
Math,53,/Users/ashish/master-thesis/Master-Thesis/failure-propagation-and-rca-via-energy-minimization/evals_lambd1/eval_lambd_1.0/Math_53_1.0.csv,conforming,72,1,1,1,"[""org.apache.commons.math.complex.Complex#add(org.apache.commons.math.complex.Complex)""]",[]
Math,56,/Users/ashish/master-thesis/Master-Thesis/failure-propagation-and-rca-via-energy-minimization/evals_lambd1/eval_lambd_1.0/Math_56_1.0.csv,conforming,39,1,1,1,"[""org.apache.commons.math.util.MultidimensionalCounter#getCounts(int)""]",[]
Math,57,/Users/ashish/master-thesis/Master-Thesis/failure-propagation-and-rca-via-energy-minimization/evals_lambd1/eval_lambd_1.0/Math_57_1.0.csv,conforming,42,1,1,1,"[""org.apache.commons.math.stat.clustering.KMeansPlusPlusClusterer#chooseInitialCenters(java.util.Collection,int,java.util.Random)""]",[]
Math,58,/Users/ashish/master-thesis/Master-Thesis/failure-propagation-and-rca-via-energy-minimization/evals_lambd1/eval_lambd_1.0/Math_58_1.0.csv,conforming,97,1,1,1,"[""org.apache.commons.math.optimization.fitting.GaussianFitter#fit()""]",[]
Math,59,/Users/ashish/master-thesis/Master-Thesis/failure-propagation-and-rca-via-energy-minimization/evals_lambd1/eval_lambd_1.0/Math_59_1.0.csv,conforming,142,1,1,1,"[""org.apache.commons.math.util.FastMath#max(int,int)""]",[]
Math,60,/Users/ashish/master-thesis/Master-Thesis/failure-propagation-and-rca-via-energy-minimization/evals_lambd1/eval_lambd_1.0/Math_60_1.0.csv,conforming,102,1,1,1,"[""org.apache.commons.math.distribution.NormalDistributionImpl#cumulativeProbability(double)""]",[]
Math,61,/Users/ashish/master-thesis/Master-Thesis/failure-propagation-and-rca-via-energy-minimization/evals_lambd1/eval_lambd_1.0/Math_61_1.0.csv,conforming,77,1,1,1,"[""org.apache.commons.math.distribution.PoissonDistributionImpl#PoissonDistributionImpl(double,double,int)""]",[]
Math,62,/Users/ashish/master-thesis/Master-Thesis/failure-propagation-and-rca-via-energy-minimization/evals_lambd1/eval_lambd_1.0/Math_62_1.0.csv,conforming,57,1,2,2,"[""org.apache.commons.math.optimization.univariate.MultiStartUnivariateRealOptimizer#optimize(org.apache.commons.math.analysis.UnivariateRealFunction,org.apache.commons.math.optimization.GoalType,double,double)"", ""org.apache.commons.math.optimization.univariate.MultiStartUnivariateRealOptimizer#optimize(org.apache.commons.math.analysis.UnivariateRealFunction,org.apache.commons.math.optimization.GoalType,double,double,double)""]",[]
Math,63,/Users/ashish/master-thesis/Master-Thesis/failure-propagation-and-rca-via-energy-minimization/evals_lambd1/eval_lambd_1.0/Math_63_1.0.csv,conforming,103,1,1,1,"[""org.apache.commons.math.util.MathUtils#equals(double,double)""]",[]
Math,64,/Users/ashish/master-thesis/Master-Thesis/failure-propagation-and-rca-via-energy-minimization/evals_lambd1/eval_lambd_1.0/Math_64_1.0.csv,conforming,34,1,1,1,"[""org.apache.commons.math.optimization.general.LevenbergMarquardtOptimizer#doOptimize()""]",[]
Math,69,/Users/ashish/master-thesis/Master-Thesis/failure-propagation-and-rca-via-energy-minimization/evals_lambd1/eval_lambd_1.0/Math_69_1.0.csv,conforming,76,1,1,1,"[""org.apache.commons.math.stat.correlation.PearsonsCorrelation#getCorrelationPValues()""]",[]
Math,70,/Users/ashish/master-thesis/Master-Thesis/failure-propagation-and-rca-via-energy-minimization/evals_lambd1/eval_lambd_1.0/Math_70_1.0.csv,conforming,16,1,1,1,"[""org.apache.commons.math.analysis.solvers.BisectionSolver#solve(org.apache.commons.math.analysis.UnivariateRealFunction,double,double,double)""]",[]
Math,71,/Users/ashish/master-thesis/Master-Thesis/failure-propagation-and-rca-via-energy-minimization/evals_lambd1/eval_lambd_1.0/Math_71_1.0.csv,trace_gap,96,2,1,1,"[""org.apache.commons.math.ode.nonstiff.EmbeddedRungeKuttaIntegrator#integrate(org.apache.commons.math.ode.FirstOrderDifferentialEquations,double,double[],double,double[])""]",[]
Math,72,/Users/ashish/master-thesis/Master-Thesis/failure-propagation-and-rca-via-energy-minimization/evals_lambd1/eval_lambd_1.0/Math_72_1.0.csv,conforming,31,1,1,1,"[""org.apache.commons.math.analysis.solvers.BrentSolver#solve(org.apache.commons.math.analysis.UnivariateRealFunction,double,double)""]",[]
Math,73,/Users/ashish/master-thesis/Master-Thesis/failure-propagation-and-rca-via-energy-minimization/evals_lambd1/eval_lambd_1.0/Math_73_1.0.csv,conforming,31,1,1,1,"[""org.apache.commons.math.analysis.solvers.BrentSolver#solve(org.apache.commons.math.analysis.UnivariateRealFunction,double,double,double)""]",[]
Math,74,/Users/ashish/master-thesis/Master-Thesis/failure-propagation-and-rca-via-energy-minimization/evals_lambd1/eval_lambd_1.0/Math_74_1.0.csv,conforming,193,1,1,1,"[""org.apache.commons.math.ode.nonstiff.EmbeddedRungeKuttaIntegrator#integrate(org.apache.commons.math.ode.FirstOrderDifferentialEquations,double,double[],double,double[])""]",[]
Math,75,/Users/ashish/master-thesis/Master-Thesis/failure-propagation-and-rca-via-energy-minimization/evals_lambd1/eval_lambd_1.0/Math_75_1.0.csv,conforming,30,1,1,1,"[""org.apache.commons.math.stat.Frequency#getPct(java.lang.Object)""]",[]
Math,78,/Users/ashish/master-thesis/Master-Thesis/failure-propagation-and-rca-via-energy-minimization/evals_lambd1/eval_lambd_1.0/Math_78_1.0.csv,trace_gap,22,1,0,0,[],[]
Math,79,/Users/ashish/master-thesis/Master-Thesis/failure-propagation-and-rca-via-energy-minimization/evals_lambd1/eval_lambd_1.0/Math_79_1.0.csv,conforming,15,1,1,1,"[""org.apache.commons.math.util.MathUtils#distance(int[],int[])""]",[]
Math,80,/Users/ashish/master-thesis/Master-Thesis/failure-propagation-and-rca-via-energy-minimization/evals_lambd1/eval_lambd_1.0/Math_80_1.0.csv,conforming,113,1,1,1,"[""org.apache.commons.math.linear.EigenDecompositionImpl#flipIfWarranted(int,int)""]",[]
Math,82,/Users/ashish/master-thesis/Master-Thesis/failure-propagation-and-rca-via-energy-minimization/evals_lambd1/eval_lambd_1.0/Math_82_1.0.csv,conforming,81,1,1,1,"[""org.apache.commons.math.optimization.linear.SimplexSolver#getPivotRow(int,org.apache.commons.math.optimization.linear.SimplexTableau)""]",[]
Math,84,/Users/ashish/master-thesis/Master-Thesis/failure-propagation-and-rca-via-energy-minimization/evals_lambd1/eval_lambd_1.0/Math_84_1.0.csv,conforming,36,1,1,1,"[""org.apache.commons.math.optimization.direct.MultiDirectional#iterateSimplex(java.util.Comparator)""]",[]
Math,85,/Users/ashish/master-thesis/Master-Thesis/failure-propagation-and-rca-via-energy-minimization/evals_lambd1/eval_lambd_1.0/Math_85_1.0.csv,conforming,46,1,1,1,"[""org.apache.commons.math.analysis.solvers.UnivariateRealSolverUtils#bracket(org.apache.commons.math.analysis.UnivariateRealFunction,double,double,double,int)""]",[]
Math,86,/Users/ashish/master-thesis/Master-Thesis/failure-propagation-and-rca-via-energy-minimization/evals_lambd1/eval_lambd_1.0/Math_86_1.0.csv,conforming,36,1,1,1,"[""org.apache.commons.math.linear.CholeskyDecompositionImpl#CholeskyDecompositionImpl(org.apache.commons.math.linear.RealMatrix,double,double)""]",[]
Math,87,/Users/ashish/master-thesis/Master-Thesis/failure-propagation-and-rca-via-energy-minimization/evals_lambd1/eval_lambd_1.0/Math_87_1.0.csv,conforming,78,1,1,1,"[""org.apache.commons.math.optimization.linear.SimplexTableau#getBasicRow(int)""]",[]
Math,88,/Users/ashish/master-thesis/Master-Thesis/failure-propagation-and-rca-via-energy-minimization/evals_lambd1/eval_lambd_1.0/Math_88_1.0.csv,conforming,78,1,1,1,"[""org.apache.commons.math.optimization.linear.SimplexTableau#getSolution()""]",[]
Math,89,/Users/ashish/master-thesis/Master-Thesis/failure-propagation-and-rca-via-energy-minimization/evals_lambd1/eval_lambd_1.0/Math_89_1.0.csv,conforming,27,1,1,1,"[""org.apache.commons.math.stat.Frequency#addValue(java.lang.Object)""]",[]
Math,91,/Users/ashish/master-thesis/Master-Thesis/failure-propagation-and-rca-via-energy-minimization/evals_lambd1/eval_lambd_1.0/Math_91_1.0.csv,conforming,36,1,1,1,"[""org.apache.commons.math.fraction.Fraction#compareTo(org.apache.commons.math.fraction.Fraction)""]",[]
Math,94,/Users/ashish/master-thesis/Master-Thesis/failure-propagation-and-rca-via-energy-minimization/evals_lambd1/eval_lambd_1.0/Math_94_1.0.csv,conforming,28,1,1,1,"[""org.apache.commons.math.util.MathUtils#gcd(int,int)""]",[]
Math,95,/Users/ashish/master-thesis/Master-Thesis/failure-propagation-and-rca-via-energy-minimization/evals_lambd1/eval_lambd_1.0/Math_95_1.0.csv,conforming,36,1,1,1,"[""org.apache.commons.math.distribution.FDistributionImpl#getInitialDomain(double)""]",[]
Math,96,/Users/ashish/master-thesis/Master-Thesis/failure-propagation-and-rca-via-energy-minimization/evals_lambd1/eval_lambd_1.0/Math_96_1.0.csv,conforming,34,1,1,1,"[""org.apache.commons.math.complex.Complex#equals(java.lang.Object)""]",[]
Math,97,/Users/ashish/master-thesis/Master-Thesis/failure-propagation-and-rca-via-energy-minimization/evals_lambd1/eval_lambd_1.0/Math_97_1.0.csv,conforming,18,1,1,1,"[""org.apache.commons.math.analysis.BrentSolver#solve(double,double)""]",[]
Mockito,1,/Users/ashish/master-thesis/Master-Thesis/failure-propagation-and-rca-via-energy-minimization/evals_lambd1/eval_lambd_1.0/Mockito_1_1.0.csv,conforming,393,1,1,1,"[""org.mockito.internal.invocation.InvocationMatcher#captureArgumentsFrom(org.mockito.invocation.Invocation)""]",[]
Mockito,2,/Users/ashish/master-thesis/Master-Thesis/failure-propagation-and-rca-via-energy-minimization/evals_lambd1/eval_lambd_1.0/Mockito_2_1.0.csv,trace_gap,27,2,1,1,"[""org.mockito.internal.util.Timer#Timer(long)""]",[]
Mockito,3,/Users/ashish/master-thesis/Master-Thesis/failure-propagation-and-rca-via-energy-minimization/evals_lambd1/eval_lambd_1.0/Mockito_3_1.0.csv,trace_gap,389,2,1,1,"[""org.mockito.internal.invocation.InvocationMatcher#captureArgumentsFrom(org.mockito.invocation.Invocation)""]",[]
Mockito,7,/Users/ashish/master-thesis/Master-Thesis/failure-propagation-and-rca-via-energy-minimization/evals_lambd1/eval_lambd_1.0/Mockito_7_1.0.csv,conforming,659,1,1,1,"[""org.mockito.internal.util.reflection.GenericMetadataSupport.TypeVariableReturnType#readTypeVariables()""]",[]
Mockito,8,/Users/ashish/master-thesis/Master-Thesis/failure-propagation-and-rca-via-energy-minimization/evals_lambd1/eval_lambd_1.0/Mockito_8_1.0.csv,conforming,36,1,1,1,"[""org.mockito.internal.util.reflection.GenericMetadataSupport#registerTypeVariablesOn(java.lang.reflect.Type)""]",[]
Mockito,9,/Users/ashish/master-thesis/Master-Thesis/failure-propagation-and-rca-via-energy-minimization/evals_lambd1/eval_lambd_1.0/Mockito_9_1.0.csv,conforming,737,1,1,1,"[""org.mockito.internal.stubbing.answers.CallsRealMethods#answer(org.mockito.invocation.InvocationOnMock)""]",[]
Mockito,10,/Users/ashish/master-thesis/Master-Thesis/failure-propagation-and-rca-via-energy-minimization/evals_lambd1/eval_lambd_1.0/Mockito_10_1.0.csv,trace_gap,625,4,3,3,"[""org.mockito.internal.stubbing.defaultanswers.ReturnsDeepStubs#deepStub(org.mockito.invocation.InvocationOnMock,org.mockito.internal.util.reflection.GenericMetadataSupport)"", ""org.mockito.internal.stubbing.defaultanswers.ReturnsDeepStubs#newDeepStubMock(org.mockito.internal.util.reflection.GenericMetadataSupport)"", ""org.mockito.internal.stubbing.defaultanswers.ReturnsDeepStubs#withSettingsUsing(org.mockito.internal.util.reflection.GenericMetadataSupport)""]",[]
Mockito,11,/Users/ashish/master-thesis/Master-Thesis/failure-propagation-and-rca-via-energy-minimization/evals_lambd1/eval_lambd_1.0/Mockito_11_1.0.csv,trace_gap,78,2,0,0,[],[]
Mockito,18,/Users/ashish/master-thesis/Master-Thesis/failure-propagation-and-rca-via-energy-minimization/evals_lambd1/eval_lambd_1.0/Mockito_18_1.0.csv,conforming,241,1,1,1,"[""org.mockito.internal.stubbing.defaultanswers.ReturnsEmptyValues#returnValueFor(java.lang.Class)""]",[]
Mockito,20,/Users/ashish/master-thesis/Master-Thesis/failure-propagation-and-rca-via-energy-minimization/evals_lambd1/eval_lambd_1.0/Mockito_20_1.0.csv,conforming,264,1,1,1,"[""org.mockito.internal.creation.bytebuddy.ByteBuddyMockMaker#createMock(org.mockito.mock.MockCreationSettings,org.mockito.invocation.MockHandler)""]",[]
Mockito,21,/Users/ashish/master-thesis/Master-Thesis/failure-propagation-and-rca-via-energy-minimization/evals_lambd1/eval_lambd_1.0/Mockito_21_1.0.csv,trace_gap,77,4,2,2,"[""org.mockito.internal.creation.instance.ConstructorInstantiator#newInstance(java.lang.Class)"", ""org.mockito.internal.creation.instance.ConstructorInstantiator#withOuterClass(java.lang.Class)""]",[]
Time,14,/Users/ashish/master-thesis/Master-Thesis/failure-propagation-and-rca-via-energy-minimization/evals_lambd1/eval_lambd_1.0/Time_14_1.0.csv,conforming,731,1,1,1,"[""org.joda.time.chrono.BasicMonthOfYearDateTimeField#add(org.joda.time.ReadablePartial,int,int[],int)""]",[]
Time,16,/Users/ashish/master-thesis/Master-Thesis/failure-propagation-and-rca-via-energy-minimization/evals_lambd1/eval_lambd_1.0/Time_16_1.0.csv,conforming,791,1,1,1,"[""org.joda.time.format.DateTimeFormatter#parseInto(org.joda.time.ReadWritableInstant,java.lang.String,int)""]",[]
Time,17,/Users/ashish/master-thesis/Master-Thesis/failure-propagation-and-rca-via-energy-minimization/evals_lambd1/eval_lambd_1.0/Time_17_1.0.csv,conforming,732,1,1,1,"[""org.joda.time.DateTimeZone#adjustOffset(long,boolean)""]",[]
Time,18,/Users/ashish/master-thesis/Master-Thesis/failure-propagation-and-rca-via-energy-minimization/evals_lambd1/eval_lambd_1.0/Time_18_1.0.csv,conforming,754,1,1,1,"[""org.joda.time.chrono.GJChronology#getDateTimeMillis(int,int,int,int,int,int,int)""]",[]
Time,19,/Users/ashish/master-thesis/Master-Thesis/failure-propagation-and-rca-via-energy-minimization/evals_lambd1/eval_lambd_1.0/Time_19_1.0.csv,conforming,731,1,1,1,"[""org.joda.time.DateTimeZone#getOffsetFromLocal(long)""]",[]
Time,20,/Users/ashish/master-thesis/Master-Thesis/failure-propagation-and-rca-via-energy-minimization/evals_lambd1/eval_lambd_1.0/Time_20_1.0.csv,conforming,528,1,1,1,"[""org.joda.time.format.DateTimeFormatterBuilder.TimeZoneId#parseInto(org.joda.time.format.DateTimeParserBucket,java.lang.String,int)""]",[]
Time,22,/Users/ashish/master-thesis/Master-Thesis/failure-propagation-and-rca-via-energy-minimization/evals_lambd1/eval_lambd_1.0/Time_22_1.0.csv,conforming,650,1,1,1,"[""org.joda.time.base.BasePeriod#BasePeriod(long)""]",[]
Time,23,/Users/ashish/master-thesis/Master-Thesis/failure-propagation-and-rca-via-energy-minimization/evals_lambd1/eval_lambd_1.0/Time_23_1.0.csv,conforming,468,1,1,1,"[""org.joda.time.DateTimeZone#getConvertedId(java.lang.String)""]",[]
Time,24,/Users/ashish/master-thesis/Master-Thesis/failure-propagation-and-rca-via-energy-minimization/evals_lambd1/eval_lambd_1.0/Time_24_1.0.csv,conforming,780,1,1,1,"[""org.joda.time.format.DateTimeParserBucket#computeMillis(boolean,java.lang.String)""]",[]
Time,25,/Users/ashish/master-thesis/Master-Thesis/failure-propagation-and-rca-via-energy-minimization/evals_lambd1/eval_lambd_1.0/Time_25_1.0.csv,conforming,651,1,1,1,"[""org.joda.time.DateTimeZone#getOffsetFromLocal(long)""]",[]
Time,27,/Users/ashish/master-thesis/Master-Thesis/failure-propagation-and-rca-via-energy-minimization/evals_lambd1/eval_lambd_1.0/Time_27_1.0.csv,conforming,383,1,1,1,"[""org.joda.time.format.PeriodFormatterBuilder#toFormatter(java.util.List,boolean,boolean)""]",[]
