project,bug_id,buggy_methods
Chart,1,"[""org.jfree.chart.renderer.category.AbstractCategoryItemRenderer#getLegendItems""]"
Chart,2,"[""org.jfree.data.general.DatasetUtilities#iterateDomainBounds"",""org.jfree.data.general.DatasetUtilities#iterateRangeBounds""]"
Chart,3,"[""org.jfree.data.time.TimeSeries#createCopy""]"
Chart,4,"[""org.jfree.chart.plot.XYPlot#getDataRange""]"
Chart,5,"[""org.jfree.data.xy.XYSeries#addOrUpdate""]"
Chart,6,"[""org.jfree.chart.util.ShapeList#equals""]"
Chart,7,"[""org.jfree.data.time.TimePeriodValues#updateBounds""]"
Chart,8,"[""org.jfree.data.time.Week#Week""]"
Chart,9,"[""org.jfree.data.time.TimeSeries#createCopy""]"
Chart,10,"[""org.jfree.chart.imagemap.StandardToolTipTagFragmentGenerator#generateToolTipFragment""]"
Chart,11,"[""org.jfree.chart.util.ShapeUtilities#equal""]"
Chart,12,"[""org.jfree.chart.plot.MultiplePiePlot#MultiplePiePlot""]"
Chart,13,"[""org.jfree.chart.block.BorderArrangement#arrangeFF""]"
Chart,14,"[""org.jfree.chart.plot.CategoryPlot#removeDomainMarker"",""org.jfree.chart.plot.CategoryPlot#removeRangeMarker"",""org.jfree.chart.plot.XYPlot#removeDomainMarker"",""org.jfree.chart.plot.XYPlot#removeRangeMarker""]"
Chart,15,"[""org.jfree.chart.plot.PiePlot#getMaximumExplodePercent"",""org.jfree.chart.plot.PiePlot#initialise""]"
Chart,16,"[""org.jfree.data.category.DefaultIntervalCategoryDataset#DefaultIntervalCategoryDataset"",""org.jfree.data.category.DefaultIntervalCategoryDataset#setCategoryKeys""]"
Chart,17,"[""org.jfree.data.time.TimeSeries#clone""]"
Chart,18,"[""org.jfree.data.DefaultKeyedValues#removeValue"",""org.jfree.data.DefaultKeyedValues2D#removeColumn""]"
Chart,19,"[""org.jfree.chart.plot.CategoryPlot#getDomainAxisIndex"",""org.jfree.chart.plot.CategoryPlot#getRangeAxisIndex""]"
Chart,20,"[""org.jfree.chart.plot.ValueMarker#ValueMarker""]"
Chart,21,"[""org.jfree.data.statistics.DefaultBoxAndWhiskerCategoryDataset#add"",""org.jfree.data.statistics.DefaultBoxAndWhiskerCategoryDataset#updateBounds""]"
Chart,22,"[""org.jfree.data.KeyedObjects2D#getObject"",""org.jfree.data.KeyedObjects2D#removeColumn"",""org.jfree.data.KeyedObjects2D#removeObject"",""org.jfree.data.KeyedObjects2D#removeRow""]"
Chart,23,"[""org.jfree.chart.renderer.category.MinMaxCategoryRenderer#equals""]"
Chart,24,"[""org.jfree.chart.renderer.GrayPaintScale#getPaint""]"
Chart,25,"[""org.jfree.chart.renderer.category.StatisticalBarRenderer#drawHorizontalItem"",""org.jfree.chart.renderer.category.StatisticalBarRenderer#drawVerticalItem""]"
Chart,26,"[""org.jfree.chart.axis.Axis#drawLabel""]"
Cli,1,"[""org.apache.commons.cli.CommandLine#addOption"",""org.apache.commons.cli.CommandLine#getOptionObject"",""org.apache.commons.cli.CommandLine#getOptionValues"",""org.apache.commons.cli.CommandLine#getOptions"",""org.apache.commons.cli.CommandLine#hasOption"",""org.apache.commons.cli.CommandLine#iterator"",""org.apache.commons.cli.CommandLine#resolveOption""]"
Cli,2,"[""org.apache.commons.cli.PosixParser#burstToken""]"
Cli,3,"[""org.apache.commons.cli.TypeHandler#createNumber""]"
Cli,4,"[""org.apache.commons.cli.Parser#checkRequiredOptions""]"
Cli,5,"[""org.apache.commons.cli.Util#stripLeadingHyphens""]"
Cli,7,[]
Cli,8,"[""org.apache.commons.cli.HelpFormatter#renderWrappedText""]"
Cli,9,"[""org.apache.commons.cli.Parser#checkRequiredOptions""]"
Cli,10,"[""org.apache.commons.cli.Parser#setOptions""]"
Cli,11,"[""org.apache.commons.cli.HelpFormatter#appendOption""]"
Cli,12,"[""org.apache.commons.cli.GnuParser#flatten""]"
Cli,13,"[""org.apache.commons.cli2.WriteableCommandLine#getUndefaultedValues"",""org.apache.commons.cli2.commandline.WriteableCommandLineImpl#getUndefaultedValues"",""org.apache.commons.cli2.option.ArgumentImpl#processValues""]"
Cli,14,"[""org.apache.commons.cli2.option.GroupImpl#validate""]"
Cli,15,"[""org.apache.commons.cli2.commandline.WriteableCommandLineImpl#getValues""]"
Cli,16,"[""org.apache.commons.cli2.Option#getParent"",""org.apache.commons.cli2.Option#setParent"",""org.apache.commons.cli2.commandline.WriteableCommandLineImpl#addOption"",""org.apache.commons.cli2.option.GroupImpl#GroupImpl"",""org.apache.commons.cli2.option.OptionImpl#getParent"",""org.apache.commons.cli2.option.OptionImpl#setParent""]"
Cli,17,"[""org.apache.commons.cli.PosixParser#burstToken""]"
Cli,18,"[""org.apache.commons.cli.PosixParser#flatten"",""org.apache.commons.cli.PosixParser#processOptionToken"",""org.apache.commons.cli.PosixParser#processSingleHyphen""]"
Cli,19,"[""org.apache.commons.cli.PosixParser#processOptionToken""]"
Cli,20,"[""org.apache.commons.cli.PosixParser#flatten""]"
Cli,21,"[""org.apache.commons.cli2.WriteableCommandLine#getCurrentOption"",""org.apache.commons.cli2.WriteableCommandLine#setCurrentOption"",""org.apache.commons.cli2.commandline.WriteableCommandLineImpl#WriteableCommandLineImpl"",""org.apache.commons.cli2.commandline.WriteableCommandLineImpl#getCurrentOption"",""org.apache.commons.cli2.commandline.WriteableCommandLineImpl#looksLikeOption"",""org.apache.commons.cli2.commandline.WriteableCommandLineImpl#setCurrentOption"",""org.apache.commons.cli2.option.GroupImpl#looksLikeOption""]"
Cli,22,"[""org.apache.commons.cli.PosixParser#burstToken"",""org.apache.commons.cli.PosixParser#flatten"",""org.apache.commons.cli.PosixParser#processNonOptionToken"",""org.apache.commons.cli.PosixParser#processOptionToken""]"
Cli,23,"[""org.apache.commons.cli.HelpFormatter#renderWrappedText""]"
Cli,24,"[""org.apache.commons.cli.HelpFormatter#renderWrappedText""]"
Cli,25,"[""org.apache.commons.cli.HelpFormatter#renderWrappedText""]"
Cli,26,"[""org.apache.commons.cli.OptionBuilder#create""]"
Cli,27,"[""org.apache.commons.cli.OptionGroup#setSelected""]"
Cli,28,"[""org.apache.commons.cli.Parser#processProperties""]"
Cli,29,"[""org.apache.commons.cli.Util#stripLeadingAndTrailingQuotes""]"
Cli,30,"[""org.apache.commons.cli.DefaultParser#handleProperties"",""org.apache.commons.cli.Parser#processProperties""]"
Cli,31,"[""org.apache.commons.cli.HelpFormatter#appendOption"",""org.apache.commons.cli.OptionBuilder#reset""]"
Cli,32,"[""org.apache.commons.cli.HelpFormatter#findWrapPos""]"
Cli,33,"[""org.apache.commons.cli.HelpFormatter#printWrapped"",""org.apache.commons.cli.HelpFormatter#renderWrappedTextBlock""]"
Cli,34,"[""org.apache.commons.cli.OptionBuilder#reset""]"
Cli,35,"[""org.apache.commons.cli.Options#getMatchingOptions""]"
Cli,36,[]
Cli,37,"[""org.apache.commons.cli.DefaultParser#isShortOption""]"
Cli,38,"[""org.apache.commons.cli.DefaultParser#isShortOption""]"
Cli,39,"[""org.apache.commons.cli.TypeHandler#createValue"",""org.apache.commons.cli.TypeHandler#openFile""]"
Cli,40,"[""org.apache.commons.cli.TypeHandler#createValue""]"
Closure,1,"[""com.google.javascript.jscomp.RemoveUnusedVars#removeUnreferencedFunctionArgs""]"
Closure,2,"[""com.google.javascript.jscomp.TypeCheck#checkInterfaceConflictProperties""]"
Codec,1,"[""org.apache.commons.codec.language.Caverphone#caverphone"",""org.apache.commons.codec.language.Metaphone#metaphone"",""org.apache.commons.codec.language.SoundexUtils#clean""]"
Codec,2,"[""org.apache.commons.codec.binary.Base64#encode""]"
Codec,3,"[""org.apache.commons.codec.language.DoubleMetaphone#handleG""]"
Codec,4,"[""org.apache.commons.codec.binary.Base64#Base64""]"
Codec,5,"[""org.apache.commons.codec.binary.Base64#decode""]"
Codec,6,"[""org.apache.commons.codec.binary.Base64InputStream#read""]"
Codec,7,"[""org.apache.commons.codec.binary.Base64#encodeBase64String""]"
Codec,8,"[""org.apache.commons.codec.binary.Base64#setInitialBuffer"",""org.apache.commons.codec.binary.Base64InputStream#read""]"
Codec,9,"[""org.apache.commons.codec.binary.Base64#encodeBase64""]"
Codec,10,"[""org.apache.commons.codec.language.Caverphone#caverphone""]"
Codec,11,"[""org.apache.commons.codec.net.QuotedPrintableCodec#decodeQuotedPrintable"",""org.apache.commons.codec.net.QuotedPrintableCodec#encodeByte"",""org.apache.commons.codec.net.QuotedPrintableCodec#encodeQuotedPrintable"",""org.apache.commons.codec.net.QuotedPrintableCodec#getUnsignedOctet"",""org.apache.commons.codec.net.QuotedPrintableCodec#isWhitespace""]"
Codec,12,"[""org.apache.commons.codec.binary.BaseNCodecInputStream#available"",""org.apache.commons.codec.binary.BaseNCodecInputStream#skip""]"
Codec,14,"[""org.apache.commons.codec.language.bm.PhoneticEngine#applyFinalRules"",""org.apache.commons.codec.language.bm.Rule.Phoneme#mergeWithLanguage""]"
Codec,15,"[""org.apache.commons.codec.language.Soundex#getMappingCode""]"
Codec,16,[]
Codec,17,"[""org.apache.commons.codec.binary.StringUtils#newStringIso8859_1""]"
Codec,18,"[""org.apache.commons.codec.binary.StringUtils#equals""]"
Collections,1,"[""org.apache.commons.collections.map.Flat3Map.EntrySetIterator#setValue"",""org.apache.commons.collections.map.Flat3Map.FlatMapIterator#setValue""]"
Collections,2,"[""org.apache.commons.collections.ExtendedProperties#getInclude"",""org.apache.commons.collections.ExtendedProperties#load"",""org.apache.commons.collections.ExtendedProperties#setInclude""]"
Collections,3,"[""org.apache.commons.collections.CollectionUtils#removeAll""]"
Collections,4,"[""org.apache.commons.collections.map.MultiValueMap#put"",""org.apache.commons.collections.map.MultiValueMap#putAll""]"
Collections,5,"[""org.apache.commons.collections.list.SetUniqueList#addAll""]"
Collections,6,"[""org.apache.commons.collections.map.Flat3Map#remove""]"
Collections,7,"[""org.apache.commons.collections.ExtendedProperties#addPropertyDirect"",""org.apache.commons.collections.ExtendedProperties#addPropertyInternal"",""org.apache.commons.collections.ExtendedProperties#clearProperty"",""org.apache.commons.collections.ExtendedProperties#getBoolean"",""org.apache.commons.collections.ExtendedProperties#getByte"",""org.apache.commons.collections.ExtendedProperties#getDouble"",""org.apache.commons.collections.ExtendedProperties#getFloat"",""org.apache.commons.collections.ExtendedProperties#getInteger"",""org.apache.commons.collections.ExtendedProperties#getList"",""org.apache.commons.collections.ExtendedProperties#getLong"",""org.apache.commons.collections.ExtendedProperties#getProperty"",""org.apache.commons.collections.ExtendedProperties#getShort"",""org.apache.commons.collections.ExtendedProperties#getVector"",""org.apache.commons.collections.ExtendedProperties#put"",""org.apache.commons.collections.ExtendedProperties#remove""]"
Collections,8,"[""org.apache.commons.collections.buffer.UnboundedFifoBuffer#readObject"",""org.apache.commons.collections.buffer.UnboundedFifoBuffer#writeObject""]"
Collections,9,"[""org.apache.commons.collections.ExtendedProperties#combine""]"
Collections,10,[]
Collections,11,"[""org.apache.commons.collections.keyvalue.MultiKey#readResolve""]"
Collections,12,"[""org.apache.commons.collections.ExtendedProperties#combine""]"
Collections,13,"[""org.apache.commons.collections.ExtendedProperties#convertProperties""]"
Collections,14,"[""org.apache.commons.collections.map.CaseInsensitiveMap#convertKey""]"
Collections,15,"[""org.apache.commons.collections.list.SetUniqueList#set""]"
Collections,16,"[""org.apache.commons.collections.list.SetUniqueList#createSetBasedOnList"",""org.apache.commons.collections.list.SetUniqueList#subList""]"
Collections,17,"[""org.apache.commons.collections.functors.EqualPredicate#EqualPredicate"",""org.apache.commons.collections.functors.EqualPredicate#evaluate""]"
Collections,18,"[""org.apache.commons.collections.set.ListOrderedSet#retainAll""]"
Collections,19,"[""org.apache.commons.collections.list.SetUniqueList#set""]"
Collections,20,"[""org.apache.commons.collections.list.TreeList.TreeListIterator#remove""]"
Collections,21,"[""org.apache.commons.collections4.list.SetUniqueList#subList""]"
Collections,22,"[""org.apache.commons.collections4.map.ListOrderedMap#putAll""]"
Collections,23,"[""org.apache.commons.collections4.trie.UnmodifiableTrie#unmodifiableTrie""]"
Collections,24,"[""org.apache.commons.collections4.collection.UnmodifiableBoundedCollection#unmodifiableBoundedCollection""]"
Collections,25,"[""org.apache.commons.collections4.IteratorUtils#collatedIterator""]"
Collections,26,"[""org.apache.commons.collections4.keyvalue.MultiKey#readResolve""]"
Collections,27,"[""org.apache.commons.collections4.map.MultiValueMap.ReflectionFactory#readObject""]"
Collections,28,"[""org.apache.commons.collections4.trie.AbstractPatriciaTrie.PrefixRangeMap#clear""]"
Compress,1,"[""org.apache.commons.compress.archivers.cpio.CpioArchiveOutputStream#close""]"
Compress,2,"[""org.apache.commons.compress.archivers.ar.ArArchiveInputStream#close"",""org.apache.commons.compress.archivers.ar.ArArchiveInputStream#getNextArEntry"",""org.apache.commons.compress.archivers.ar.ArArchiveInputStream#read""]"
Compress,3,"[""org.apache.commons.compress.archivers.tar.TarArchiveOutputStream#closeArchiveEntry"",""org.apache.commons.compress.archivers.tar.TarArchiveOutputStream#finish"",""org.apache.commons.compress.archivers.tar.TarArchiveOutputStream#putArchiveEntry""]"
Compress,4,"[""org.apache.commons.compress.archivers.cpio.CpioArchiveOutputStream#close"",""org.apache.commons.compress.archivers.tar.TarArchiveOutputStream#close"",""org.apache.commons.compress.archivers.zip.ZipArchiveOutputStream#close"",""org.apache.commons.compress.changes.ChangeSetPerformer#perform""]"
Compress,5,"[""org.apache.commons.compress.archivers.zip.ZipArchiveInputStream#read""]"
Compress,6,"[""org.apache.commons.compress.archivers.zip.ZipArchiveEntry#ZipArchiveEntry"",""org.apache.commons.compress.archivers.zip.ZipArchiveEntry#equals""]"
Compress,7,"[""org.apache.commons.compress.archivers.tar.TarUtils#parseName""]"
Compress,8,"[""org.apache.commons.compress.archivers.tar.TarUtils#parseOctal""]"
Compress,9,"[""org.apache.commons.compress.archivers.tar.TarArchiveOutputStream#getBytesWritten"",""org.apache.commons.compress.archivers.tar.TarArchiveOutputStream#getCount"",""org.apache.commons.compress.archivers.tar.TarArchiveOutputStream#write""]"
Compress,10,"[""org.apache.commons.compress.archivers.zip.ZipFile#resolveLocalFileHeaderData""]"
Compress,11,"[""org.apache.commons.compress.archivers.ArchiveStreamFactory#createArchiveInputStream""]"
Compress,12,"[""org.apache.commons.compress.archivers.tar.TarArchiveInputStream#getNextTarEntry""]"
Compress,13,"[""org.apache.commons.compress.archivers.zip.ZipArchiveEntry#setName""]"
Compress,14,"[""org.apache.commons.compress.archivers.tar.TarUtils#parseOctal""]"
Compress,15,"[""org.apache.commons.compress.archivers.zip.ZipArchiveEntry#equals""]"
Compress,16,"[""org.apache.commons.compress.archivers.ArchiveStreamFactory#createArchiveInputStream""]"
Compress,17,"[""org.apache.commons.compress.archivers.tar.TarUtils#parseOctal""]"
Compress,18,"[""org.apache.commons.compress.archivers.tar.TarArchiveOutputStream#writePaxHeaders""]"
Compress,19,"[""org.apache.commons.compress.archivers.zip.Zip64ExtendedInformationExtraField#reparseCentralDirectoryData""]"
Compress,20,"[""org.apache.commons.compress.archivers.cpio.CpioArchiveInputStream#readNewEntry"",""org.apache.commons.compress.archivers.cpio.CpioArchiveInputStream#readOldAsciiEntry"",""org.apache.commons.compress.archivers.cpio.CpioArchiveInputStream#readOldBinaryEntry""]"
Compress,21,"[""org.apache.commons.compress.archivers.sevenz.SevenZOutputFile#writeBits""]"
Compress,22,"[""org.apache.commons.compress.compressors.bzip2.BZip2CompressorInputStream#BZip2CompressorInputStream"",""org.apache.commons.compress.compressors.bzip2.BZip2CompressorInputStream#read0"",""org.apache.commons.compress.compressors.bzip2.BZip2CompressorInputStream#setupNoRandPartA"",""org.apache.commons.compress.compressors.bzip2.BZip2CompressorInputStream#setupNoRandPartC"",""org.apache.commons.compress.compressors.bzip2.BZip2CompressorInputStream#setupRandPartA"",""org.apache.commons.compress.compressors.bzip2.BZip2CompressorInputStream#setupRandPartC""]"
Compress,23,"[""org.apache.commons.compress.archivers.sevenz.Coders.LZMADecoder#decode""]"
Compress,24,"[""org.apache.commons.compress.archivers.tar.TarUtils#parseOctal""]"
Compress,25,"[""org.apache.commons.compress.archivers.zip.ZipArchiveInputStream#ZipArchiveInputStream""]"
Compress,26,"[""org.apache.commons.compress.utils.IOUtils#skip""]"
Compress,27,"[""org.apache.commons.compress.archivers.tar.TarUtils#parseOctal""]"
Compress,28,"[""org.apache.commons.compress.archivers.tar.TarArchiveInputStream#read""]"
Compress,29,"[""org.apache.commons.compress.archivers.ArchiveStreamFactory#createArchiveInputStream"",""org.apache.commons.compress.archivers.ArchiveStreamFactory#createArchiveOutputStream"",""org.apache.commons.compress.archivers.cpio.CpioArchiveInputStream#CpioArchiveInputStream"",""org.apache.commons.compress.archivers.cpio.CpioArchiveOutputStream#CpioArchiveOutputStream"",""org.apache.commons.compress.archivers.dump.DumpArchiveInputStream#DumpArchiveInputStream"",""org.apache.commons.compress.archivers.tar.TarArchiveInputStream#TarArchiveInputStream"",""org.apache.commons.compress.archivers.tar.TarArchiveOutputStream#TarArchiveOutputStream"",""org.apache.commons.compress.archivers.zip.ZipArchiveInputStream#ZipArchiveInputStream""]"
Compress,30,"[""org.apache.commons.compress.compressors.bzip2.BZip2CompressorInputStream#read""]"
Compress,31,"[""org.apache.commons.compress.archivers.tar.TarUtils#parseOctal""]"
Compress,32,"[""org.apache.commons.compress.archivers.tar.TarArchiveInputStream#applyPaxHeadersToCurrentEntry""]"
Compress,33,"[""org.apache.commons.compress.compressors.CompressorStreamFactory#createCompressorInputStream"",""org.apache.commons.compress.compressors.deflate.DeflateCompressorInputStream#matches""]"
Compress,34,"[""org.apache.commons.compress.archivers.zip.X7875_NewUnix#getCentralDirectoryLength""]"
Compress,35,"[""org.apache.commons.compress.archivers.tar.TarUtils#verifyCheckSum""]"
Compress,36,"[""org.apache.commons.compress.archivers.sevenz.SevenZFile#getCurrentStream""]"
Compress,37,"[""org.apache.commons.compress.archivers.tar.TarArchiveInputStream#parsePaxHeaders""]"
Compress,38,"[""org.apache.commons.compress.archivers.tar.TarArchiveEntry#isDirectory""]"
Compress,39,"[""org.apache.commons.compress.utils.ArchiveUtils#sanitize""]"
Compress,40,"[""org.apache.commons.compress.utils.BitInputStream#readBits""]"
Compress,41,"[""org.apache.commons.compress.archivers.zip.ZipArchiveInputStream#getNextZipEntry""]"
Compress,42,"[""org.apache.commons.compress.archivers.zip.ZipArchiveEntry#isUnixSymlink""]"
Compress,43,"[""org.apache.commons.compress.archivers.zip.ZipArchiveOutputStream#createLocalFileHeader"",""org.apache.commons.compress.archivers.zip.ZipArchiveOutputStream#usesDataDescriptor"",""org.apache.commons.compress.archivers.zip.ZipArchiveOutputStream#writeDataDescriptor"",""org.apache.commons.compress.archivers.zip.ZipArchiveOutputStream#writeLocalFileHeader""]"
Compress,44,"[""org.apache.commons.compress.utils.ChecksumCalculatingInputStream#ChecksumCalculatingInputStream""]"
Compress,45,"[""org.apache.commons.compress.archivers.tar.TarUtils#formatLongOctalOrBinaryBytes""]"
Compress,46,"[""org.apache.commons.compress.archivers.zip.X5455_ExtendedTimestamp#unixTimeToZipLong""]"
Compress,47,"[""org.apache.commons.compress.archivers.zip.ZipArchiveInputStream#canReadEntryData"",""org.apache.commons.compress.archivers.zip.ZipArchiveInputStream#read"",""org.apache.commons.compress.archivers.zip.ZipArchiveInputStream#supportsCompressedSizeFor""]"
Csv,1,"[""org.apache.commons.csv.ExtendedBufferedReader#read""]"
Csv,2,"[""org.apache.commons.csv.CSVRecord#get""]"
Csv,3,"[""org.apache.commons.csv.Lexer#readEscape""]"
Csv,4,"[""org.apache.commons.csv.CSVParser#getHeaderMap""]"
Csv,5,"[""org.apache.commons.csv.CSVPrinter#println""]"
Csv,6,"[""org.apache.commons.csv.CSVRecord#putIn""]"
Csv,7,"[""org.apache.commons.csv.CSVParser#initializeHeader""]"
Csv,8,"[""org.apache.commons.csv.CSVFormat#CSVFormat"",""org.apache.commons.csv.CSVFormat#validate""]"
Csv,9,"[""org.apache.commons.csv.CSVRecord#putIn""]"
Csv,10,"[""org.apache.commons.csv.CSVPrinter#CSVPrinter""]"
Csv,11,"[""org.apache.commons.csv.CSVParser#initializeHeader""]"
Csv,12,[]
Csv,13,"[""org.apache.commons.csv.CSVPrinter#print""]"
Csv,14,"[""org.apache.commons.csv.CSVFormat#printAndQuote""]"
Csv,15,"[""org.apache.commons.csv.CSVFormat#printAndQuote""]"
Csv,16,"[""org.apache.commons.csv.CSVParser#CSVParser"",""org.apache.commons.csv.CSVParser#iterator""]"
Gson,1,"[""com.google.gson.TypeInfoFactory#extractTypeForHierarchy"",""com.google.gson.TypeInfoFactory#getActualType""]"
Gson,2,"[""com.google.gson.internal.bind.TypeAdapters.31#create"",""com.google.gson.internal.bind.TypeAdapters.31.1#read"",""com.google.gson.internal.bind.TypeAdapters.31.1#write""]"
Gson,3,"[""com.google.gson.internal.ConstructorConstructor#newDefaultImplementationConstructor"",""com.google.gson.internal.ConstructorConstructor.10#construct"",""com.google.gson.internal.ConstructorConstructor.9#construct""]"
Gson,4,"[""com.google.gson.stream.JsonReader#doPeek"",""com.google.gson.stream.JsonWriter#beforeValue"",""com.google.gson.stream.JsonWriter#jsonValue"",""com.google.gson.stream.JsonWriter#nullValue"",""com.google.gson.stream.JsonWriter#open"",""com.google.gson.stream.JsonWriter#value""]"
Gson,5,"[""com.google.gson.internal.bind.util.ISO8601Utils#parse""]"
Gson,6,"[""com.google.gson.internal.bind.JsonAdapterAnnotationTypeAdapterFactory#getTypeAdapter""]"
Gson,7,"[""com.google.gson.stream.JsonReader#nextInt"",""com.google.gson.stream.JsonReader#nextLong""]"
Gson,8,"[""com.google.gson.internal.UnsafeAllocator#assertInstantiable"",""com.google.gson.internal.UnsafeAllocator.1#newInstance"",""com.google.gson.internal.UnsafeAllocator.2#newInstance"",""com.google.gson.internal.UnsafeAllocator.3#newInstance""]"
Gson,9,"[""com.google.gson.internal.bind.JsonTreeWriter#value"",""com.google.gson.internal.bind.TypeAdapters.3#write"",""com.google.gson.stream.JsonWriter#value""]"
Gson,10,"[""com.google.gson.internal.bind.ReflectiveTypeAdapterFactory.1#write""]"
Gson,11,"[""com.google.gson.internal.bind.TypeAdapters.14#read""]"
Gson,12,"[""com.google.gson.internal.bind.JsonTreeReader#skipValue""]"
Gson,13,"[""com.google.gson.stream.JsonReader#peekNumber""]"
Gson,14,"[""com.google.gson.internal.$Gson$Types#subtypeOf"",""com.google.gson.internal.$Gson$Types#supertypeOf""]"
Gson,15,"[""com.google.gson.stream.JsonWriter#value""]"
Gson,16,"[""com.google.gson.internal.$Gson$Types#resolve""]"
Gson,17,"[""com.google.gson.DefaultDateTypeAdapter#read""]"
Gson,18,"[""com.google.gson.internal.$Gson$Types#getSupertype""]"
JacksonCore,1,"[""com.fasterxml.jackson.core.io.NumberInput#_badBigDecimal"",""com.fasterxml.jackson.core.io.NumberInput#parseBigDecimal"",""com.fasterxml.jackson.core.util.TextBuffer#contentsAsDecimal""]"
JacksonCore,2,"[""com.fasterxml.jackson.core.json.ReaderBasedJsonParser#_parseNumber"",""com.fasterxml.jackson.core.json.ReaderBasedJsonParser#_parseNumber2"",""com.fasterxml.jackson.core.json.ReaderBasedJsonParser#_verifyRootSpace"",""com.fasterxml.jackson.core.json.UTF8StreamJsonParser#_parseFloat"",""com.fasterxml.jackson.core.json.UTF8StreamJsonParser#_parseNumber"",""com.fasterxml.jackson.core.json.UTF8StreamJsonParser#_parserNumber2"",""com.fasterxml.jackson.core.json.UTF8StreamJsonParser#_skipWSOrEnd"",""com.fasterxml.jackson.core.json.UTF8StreamJsonParser#_verifyRootSpace""]"
JacksonCore,3,"[""com.fasterxml.jackson.core.json.UTF8StreamJsonParser#UTF8StreamJsonParser""]"
JacksonCore,4,"[""com.fasterxml.jackson.core.util.TextBuffer#expandCurrentSegment""]"
JacksonCore,5,"[""com.fasterxml.jackson.core.JsonPointer#_parseIndex""]"
JacksonCore,6,"[""com.fasterxml.jackson.core.JsonPointer#_parseIndex""]"
JacksonCore,7,"[""com.fasterxml.jackson.core.json.JsonWriteContext#writeValue""]"
JacksonCore,8,"[""com.fasterxml.jackson.core.util.TextBuffer#getTextBuffer""]"
JacksonCore,9,"[""com.fasterxml.jackson.core.base.ParserMinimalBase#getValueAsString"",""com.fasterxml.jackson.core.json.ReaderBasedJsonParser#getValueAsString"",""com.fasterxml.jackson.core.json.UTF8StreamJsonParser#getValueAsString""]"
JacksonCore,10,"[""com.fasterxml.jackson.core.sym.ByteQuadsCanonicalizer#_findOffsetForAdd"",""com.fasterxml.jackson.core.sym.ByteQuadsCanonicalizer#calcHash""]"
JacksonCore,11,"[""com.fasterxml.jackson.core.sym.ByteQuadsCanonicalizer#_verifySharing""]"
JacksonCore,12,"[""com.fasterxml.jackson.core.json.ReaderBasedJsonParser#_isNextTokenNameMaybe"",""com.fasterxml.jackson.core.json.ReaderBasedJsonParser#_isNextTokenNameYes"",""com.fasterxml.jackson.core.json.ReaderBasedJsonParser#getTokenLocation"",""com.fasterxml.jackson.core.json.ReaderBasedJsonParser#nextFieldName"",""com.fasterxml.jackson.core.json.ReaderBasedJsonParser#nextToken"",""com.fasterxml.jackson.core.json.UTF8StreamJsonParser#getTokenLocation""]"
JacksonCore,13,"[""com.fasterxml.jackson.core.json.JsonGeneratorImpl#disable""]"
JacksonCore,14,"[""com.fasterxml.jackson.core.io.IOContext#_verifyRelease"",""com.fasterxml.jackson.core.io.IOContext#wrongBuf""]"
JacksonCore,15,"[""com.fasterxml.jackson.core.filter.FilteringParserDelegate#nextToken""]"
JacksonCore,16,"[""com.fasterxml.jackson.core.util.JsonParserSequence#JsonParserSequence"",""com.fasterxml.jackson.core.util.JsonParserSequence#nextToken""]"
JacksonCore,17,"[""com.fasterxml.jackson.core.json.UTF8JsonGenerator#_outputRawMultiByteChar"",""com.fasterxml.jackson.core.json.UTF8JsonGenerator#_writeRawSegment"",""com.fasterxml.jackson.core.json.UTF8JsonGenerator#writeRaw""]"
JacksonCore,18,"[""com.fasterxml.jackson.core.base.GeneratorBase#_asString"",""com.fasterxml.jackson.core.json.UTF8JsonGenerator#writeNumber"",""com.fasterxml.jackson.core.json.WriterBasedJsonGenerator#writeNumber""]"
JacksonCore,19,"[""com.fasterxml.jackson.core.json.ReaderBasedJsonParser#_parseNumber2"",""com.fasterxml.jackson.core.json.UTF8StreamJsonParser#_parseFloat""]"
JacksonCore,20,"[""com.fasterxml.jackson.core.JsonGenerator#writeEmbeddedObject""]"
JacksonCore,21,"[""com.fasterxml.jackson.core.filter.FilteringParserDelegate#nextToken""]"
JacksonCore,22,"[""com.fasterxml.jackson.core.filter.FilteringParserDelegate#_nextToken2"",""com.fasterxml.jackson.core.filter.FilteringParserDelegate#_nextTokenWithBuffering"",""com.fasterxml.jackson.core.filter.FilteringParserDelegate#_verifyAllowedMatches"",""com.fasterxml.jackson.core.filter.FilteringParserDelegate#nextToken""]"
JacksonCore,23,"[""com.fasterxml.jackson.core.util.DefaultPrettyPrinter#createInstance""]"
JacksonCore,24,"[""com.fasterxml.jackson.core.base.ParserBase#_reportTooLongIntegral"",""com.fasterxml.jackson.core.base.ParserBase#convertNumberToInt"",""com.fasterxml.jackson.core.base.ParserMinimalBase#reportOverflowInt"",""com.fasterxml.jackson.core.base.ParserMinimalBase#reportOverflowLong""]"
JacksonCore,25,"[""com.fasterxml.jackson.core.json.ReaderBasedJsonParser#_handleOddName2""]"
JacksonCore,26,"[""com.fasterxml.jackson.core.json.async.NonBlockingJsonParser#feedInput""]"
JacksonDatabind,1,"[""com.fasterxml.jackson.databind.ser.BeanPropertyWriter#serializeAsColumn""]"
JacksonDatabind,2,"[""com.fasterxml.jackson.databind.util.TokenBuffer#writeObject"",""com.fasterxml.jackson.databind.util.TokenBuffer#writeTree""]"
JacksonDatabind,3,"[""com.fasterxml.jackson.databind.deser.std.StringArrayDeserializer#_deserializeCustom"",""com.fasterxml.jackson.databind.deser.std.StringArrayDeserializer#deserialize""]"
JacksonDatabind,4,"[""com.fasterxml.jackson.databind.deser.std.StringArrayDeserializer#_deserializeCustom"",""com.fasterxml.jackson.databind.deser.std.StringArrayDeserializer#deserialize""]"
JacksonDatabind,5,"[""com.fasterxml.jackson.databind.introspect.AnnotatedClass#_addMethodMixIns""]"
JacksonDatabind,6,"[""com.fasterxml.jackson.databind.util.StdDateFormat#parseAsISO8601""]"
JacksonDatabind,7,"[""com.fasterxml.jackson.databind.util.TokenBuffer#deserialize""]"
JacksonDatabind,8,"[""com.fasterxml.jackson.databind.deser.impl.CreatorCollector#verifyNonDup""]"
JacksonDatabind,9,"[""com.fasterxml.jackson.databind.ser.std.StdKeySerializer#serialize""]"
JacksonDatabind,10,"[""com.fasterxml.jackson.databind.ser.AnyGetterWriter#AnyGetterWriter"",""com.fasterxml.jackson.databind.ser.AnyGetterWriter#getAndFilter"",""com.fasterxml.jackson.databind.ser.AnyGetterWriter#getAndSerialize"",""com.fasterxml.jackson.databind.ser.AnyGetterWriter#resolve"",""com.fasterxml.jackson.databind.ser.BeanSerializerFactory#constructBeanSerializer""]"
JacksonDatabind,11,"[""com.fasterxml.jackson.databind.type.TypeFactory#_fromVariable""]"
JacksonDatabind,12,"[""com.fasterxml.jackson.databind.deser.std.MapDeserializer#isCachable""]"
JacksonDatabind,13,"[""com.fasterxml.jackson.databind.deser.DefaultDeserializationContext#findObjectId"",""com.fasterxml.jackson.databind.deser.impl.ObjectIdValueProperty#deserializeSetAndReturn""]"
JacksonDatabind,14,"[""com.fasterxml.jackson.databind.ObjectReader#_bindAsTree"",""com.fasterxml.jackson.databind.ObjectReader#_findTreeDeserializer""]"
JacksonDatabind,15,"[""com.fasterxml.jackson.databind.JavaType#isJavaLangObject"",""com.fasterxml.jackson.databind.ser.BeanSerializerFactory#createSerializer"",""com.fasterxml.jackson.databind.ser.std.BeanSerializerBase#findConvertingSerializer"",""com.fasterxml.jackson.databind.ser.std.StdDelegatingSerializer#_findSerializer"",""com.fasterxml.jackson.databind.ser.std.StdDelegatingSerializer#acceptJsonFormatVisitor"",""com.fasterxml.jackson.databind.ser.std.StdDelegatingSerializer#createContextual"",""com.fasterxml.jackson.databind.ser.std.StdDelegatingSerializer#isEmpty"",""com.fasterxml.jackson.databind.ser.std.StdDelegatingSerializer#serialize"",""com.fasterxml.jackson.databind.ser.std.StdDelegatingSerializer#serializeWithType"",""com.fasterxml.jackson.databind.ser.std.StdSerializer#findConvertingContentSerializer""]"
JacksonDatabind,16,"[""com.fasterxml.jackson.databind.introspect.AnnotationMap#_add""]"
JacksonDatabind,17,"[""com.fasterxml.jackson.databind.ObjectMapper.DefaultTypeResolverBuilder#useForType""]"
JacksonDatabind,18,"[""com.fasterxml.jackson.databind.MappingIterator#MappingIterator"",""com.fasterxml.jackson.databind.MappingIterator#_resync"",""com.fasterxml.jackson.databind.MappingIterator#close"",""com.fasterxml.jackson.databind.MappingIterator#hasNextValue"",""com.fasterxml.jackson.databind.MappingIterator#nextValue""]"
JacksonDatabind,19,"[""com.fasterxml.jackson.databind.type.TypeFactory#_mapType""]"
JacksonDatabind,20,"[""com.fasterxml.jackson.databind.node.ObjectNode#setAll""]"
JacksonDatabind,21,"[""com.fasterxml.jackson.databind.introspect.JacksonAnnotationIntrospector#findEnumValue""]"
JacksonDatabind,22,"[""com.fasterxml.jackson.databind.ser.BasicSerializerFactory#buildArraySerializer"",""com.fasterxml.jackson.databind.ser.BasicSerializerFactory#buildCollectionSerializer"",""com.fasterxml.jackson.databind.ser.BasicSerializerFactory#buildContainerSerializer"",""com.fasterxml.jackson.databind.ser.BasicSerializerFactory#buildMapSerializer"",""com.fasterxml.jackson.databind.ser.BeanSerializerFactory#_createSerializer2""]"
JacksonDatabind,23,"[""com.fasterxml.jackson.databind.ser.std.NumberSerializers.DoubleSerializer#isEmpty"",""com.fasterxml.jackson.databind.ser.std.NumberSerializers.FloatSerializer#isEmpty"",""com.fasterxml.jackson.databind.ser.std.NumberSerializers.IntLikeSerializer#isEmpty"",""com.fasterxml.jackson.databind.ser.std.NumberSerializers.IntegerSerializer#isEmpty"",""com.fasterxml.jackson.databind.ser.std.NumberSerializers.LongSerializer#isEmpty"",""com.fasterxml.jackson.databind.ser.std.NumberSerializers.ShortSerializer#isEmpty""]"
JacksonDatabind,24,"[""com.fasterxml.jackson.databind.cfg.BaseSettings#withDateFormat""]"
JacksonDatabind,25,"[""com.fasterxml.jackson.databind.deser.BasicDeserializerFactory#modifyTypeByAnnotation"",""com.fasterxml.jackson.databind.deser.DeserializerCache#modifyTypeByAnnotation"",""com.fasterxml.jackson.databind.jsontype.impl.TypeDeserializerBase#_findDeserializer"",""com.fasterxml.jackson.databind.module.SimpleAbstractTypeResolver#findTypeMapping""]"
JacksonDatabind,26,[]
JacksonDatabind,27,"[""com.fasterxml.jackson.databind.deser.BeanDeserializer#deserializeUsingPropertyBasedWithExternalTypeId""]"
JacksonDatabind,28,"[""com.fasterxml.jackson.databind.deser.std.JsonNodeDeserializer.ObjectDeserializer#deserialize""]"
JacksonDatabind,29,"[""com.fasterxml.jackson.databind.deser.impl.ExternalTypeHandler#_deserialize"",""com.fasterxml.jackson.databind.deser.impl.ExternalTypeHandler#_deserializeAndSet""]"
JacksonXml,1,"[""com.fasterxml.jackson.dataformat.xml.deser.FromXmlParser#nextToken""]"
JacksonXml,2,"[""com.fasterxml.jackson.dataformat.xml.deser.XmlTokenStream#_allWs"",""com.fasterxml.jackson.dataformat.xml.deser.XmlTokenStream#_next""]"
JacksonXml,3,"[""com.fasterxml.jackson.dataformat.xml.deser.FromXmlParser#nextTextValue""]"
JacksonXml,4,"[""com.fasterxml.jackson.dataformat.xml.ser.XmlSerializerProvider#_serializeXmlNull""]"
JacksonXml,5,"[""com.fasterxml.jackson.dataformat.xml.ser.XmlSerializerProvider#XmlSerializerProvider""]"
JacksonXml,6,"[""com.fasterxml.jackson.dataformat.xml.ser.ToXmlGenerator#toFullBuffer"",""com.fasterxml.jackson.dataformat.xml.ser.ToXmlGenerator#writeBinary"",""com.fasterxml.jackson.dataformat.xml.ser.ToXmlGenerator#writeStreamAsBinary""]"
Jsoup,1,"[""org.jsoup.nodes.Document#normalise""]"
Jsoup,2,"[""org.jsoup.parser.Parser#parseStartTag""]"
Jsoup,3,"[""org.jsoup.nodes.Element#append"",""org.jsoup.nodes.Element#prepend"",""org.jsoup.nodes.Element#wrap"",""org.jsoup.parser.Parser#addChildToParent"",""org.jsoup.parser.Parser#parseBodyFragmentRelaxed"",""org.jsoup.parser.Parser#stackHasValidParent"",""org.jsoup.parser.Tag#canContain"",""org.jsoup.parser.Tag#isValidAncestor"",""org.jsoup.parser.Tag#isValidParent"",""org.jsoup.parser.Tag#requiresSpecificParent"",""org.jsoup.parser.Tag#setParent""]"
Jsoup,4,"[""org.jsoup.nodes.Entities#unescape""]"
Jsoup,5,"[""org.jsoup.parser.Parser#parseAttribute""]"
Jsoup,6,"[""org.jsoup.nodes.Entities#unescape""]"
Jsoup,7,"[""org.jsoup.nodes.Document#normalise"",""org.jsoup.nodes.Document#normaliseStructure""]"
Jsoup,8,"[""org.jsoup.nodes.Node#getOutputSettings"",""org.jsoup.nodes.Node#outerHtml""]"
Jsoup,9,[]
Jsoup,10,"[""org.jsoup.nodes.Node#absUrl""]"
Jsoup,11,"[""org.jsoup.select.Selector#filterOut"",""org.jsoup.select.Selector#findElements"",""org.jsoup.select.Selector#not"",""org.jsoup.select.Selector#select""]"
Jsoup,12,"[""org.jsoup.select.Selector#combinator"",""org.jsoup.select.Selector#consumeSubQuery""]"
Jsoup,13,"[""org.jsoup.nodes.Node#hasAttr""]"
Jsoup,14,"[""org.jsoup.parser.Tokeniser#appropriateEndTagName"",""org.jsoup.parser.TokeniserState.11#read""]"
Jsoup,15,"[""org.jsoup.parser.TreeBuilderState.7#process""]"
Jsoup,16,"[""org.jsoup.nodes.DocumentType#DocumentType"",""org.jsoup.nodes.DocumentType#outerHtmlHead""]"
Jsoup,17,[]
Jsoup,18,"[""org.jsoup.parser.CharacterReader#CharacterReader"",""org.jsoup.parser.CharacterReader#consumeToEnd""]"
Jsoup,19,"[""org.jsoup.safety.Whitelist#testValidProtocol""]"
Jsoup,20,"[""org.jsoup.helper.DataUtil#parseByteData""]"
Jsoup,21,"[""org.jsoup.select.CombiningEvaluator.Or#Or"",""org.jsoup.select.QueryParser#combinator"",""org.jsoup.select.QueryParser#parse""]"
Jsoup,22,"[""org.jsoup.nodes.Element#nextElementSibling"",""org.jsoup.nodes.Element#previousElementSibling"",""org.jsoup.nodes.Element#siblingElements"",""org.jsoup.nodes.Node#previousSibling"",""org.jsoup.nodes.Node#siblingNodes"",""org.jsoup.select.Elements#Elements""]"
Jsoup,23,"[""org.jsoup.parser.CharacterReader#consumeLetterThenDigitSequence"",""org.jsoup.parser.Tokeniser#consumeCharacterReference""]"
Jsoup,24,"[""org.jsoup.parser.TokeniserState.27#read""]"
Jsoup,25,[]
Jsoup,26,"[""org.jsoup.safety.Cleaner#clean""]"
Jsoup,27,"[""org.jsoup.helper.DataUtil#getCharsetFromContentType""]"
Jsoup,28,"[""org.jsoup.nodes.Entities#isBaseNamedEntity"",""org.jsoup.nodes.Entities#unescape"",""org.jsoup.parser.Parser#unescapeEntities"",""org.jsoup.parser.Tokeniser#consumeCharacterReference"",""org.jsoup.parser.Tokeniser#unescapeEntities""]"
Jsoup,29,"[""org.jsoup.nodes.Document#title""]"
Jsoup,30,"[""org.jsoup.safety.Cleaner#copySafeNodes"",""org.jsoup.safety.Cleaner.CleaningVisitor#CleaningVisitor"",""org.jsoup.safety.Cleaner.CleaningVisitor#head"",""org.jsoup.safety.Cleaner.CleaningVisitor#tail""]"
Jsoup,31,"[""org.jsoup.parser.TokeniserState.43#read"",""org.jsoup.parser.XmlTreeBuilder#insert""]"
Jsoup,32,"[""org.jsoup.nodes.Element#clone""]"
Jsoup,33,"[""org.jsoup.parser.HtmlTreeBuilder#insert""]"
Jsoup,34,"[""org.jsoup.parser.CharacterReader#nextIndexOf""]"
Jsoup,35,"[""org.jsoup.parser.HtmlTreeBuilderState.7#process""]"
Jsoup,36,"[""org.jsoup.helper.DataUtil#getCharsetFromContentType"",""org.jsoup.helper.DataUtil#parseByteData""]"
Jsoup,37,"[""org.jsoup.nodes.Element#html""]"
Jsoup,38,"[""org.jsoup.parser.HtmlTreeBuilderState.7#process""]"
Jsoup,39,"[""org.jsoup.helper.DataUtil#parseByteData""]"
Jsoup,40,"[""org.jsoup.nodes.DocumentType#DocumentType""]"
Jsoup,41,"[""org.jsoup.nodes.Element#equals""]"
Jsoup,42,"[""org.jsoup.nodes.FormElement#formData""]"
Jsoup,43,"[""org.jsoup.nodes.Element#indexInList""]"
Jsoup,44,"[""org.jsoup.parser.TreeBuilder#processEndTag"",""org.jsoup.parser.TreeBuilder#processStartTag""]"
Jsoup,45,"[""org.jsoup.parser.HtmlTreeBuilder#resetInsertionMode""]"
Jsoup,46,"[""org.jsoup.nodes.Entities#escape""]"
Jsoup,47,"[""org.jsoup.nodes.Entities#escape""]"
Jsoup,48,"[""org.jsoup.helper.HttpConnection.Response#processResponseHeaders""]"
Jsoup,49,"[""org.jsoup.nodes.Node#addChildren""]"
Jsoup,50,"[""org.jsoup.helper.DataUtil#parseByteData""]"
Jsoup,51,"[""org.jsoup.parser.CharacterReader#matchesLetter""]"
Jsoup,52,"[""org.jsoup.helper.DataUtil#parseByteData"",""org.jsoup.nodes.XmlDeclaration#getWholeDeclaration"",""org.jsoup.nodes.XmlDeclaration#outerHtmlHead"",""org.jsoup.parser.XmlTreeBuilder#insert""]"
Jsoup,53,"[""org.jsoup.parser.TokenQueue#chompBalanced""]"
Jsoup,54,"[""org.jsoup.helper.W3CDom.W3CBuilder#copyAttributes""]"
Jsoup,55,"[""org.jsoup.parser.TokeniserState.42#read""]"
Jsoup,56,"[""org.jsoup.nodes.DocumentType#DocumentType"",""org.jsoup.nodes.DocumentType#outerHtmlHead"",""org.jsoup.parser.HtmlTreeBuilderState.1#process"",""org.jsoup.parser.Token.Doctype#getPubSysKey"",""org.jsoup.parser.Token.Doctype#reset"",""org.jsoup.parser.TokeniserState.54#read"",""org.jsoup.parser.XmlTreeBuilder#insert""]"
Jsoup,57,"[""org.jsoup.nodes.Attributes#removeIgnoreCase""]"
Jsoup,58,"[""org.jsoup.Jsoup#isValid"",""org.jsoup.parser.Parser#parseFragment"",""org.jsoup.safety.Cleaner#isValid"",""org.jsoup.safety.Cleaner#isValidBodyHtml""]"
Jsoup,59,"[""org.jsoup.parser.Token.Tag#newAttribute""]"
Jsoup,60,"[""org.jsoup.parser.TokenQueue#chompBalanced"",""org.jsoup.select.QueryParser#parse""]"
Jsoup,61,"[""org.jsoup.nodes.Element#hasClass""]"
Jsoup,62,"[""org.jsoup.parser.HtmlTreeBuilderState.7#anyOtherEndTag""]"
Jsoup,63,"[""org.jsoup.parser.HtmlTreeBuilder#insertEmpty"",""org.jsoup.parser.Tokeniser#acknowledgeSelfClosingFlag"",""org.jsoup.parser.Tokeniser#emit"",""org.jsoup.parser.Tokeniser#read""]"
Jsoup,64,"[""org.jsoup.parser.HtmlTreeBuilderState#handleRawtext""]"
Jsoup,65,"[""org.jsoup.parser.HtmlTreeBuilder#clearStackToTableBodyContext"",""org.jsoup.parser.HtmlTreeBuilder#clearStackToTableRowContext"",""org.jsoup.parser.HtmlTreeBuilderState.13#process"",""org.jsoup.parser.HtmlTreeBuilderState.14#process""]"
Jsoup,66,"[""org.jsoup.nodes.Element#doClone"",""org.jsoup.nodes.Element#ensureChildNodes"",""org.jsoup.nodes.Element.NodeList#NodeList"",""org.jsoup.nodes.Element.NodeList#onContentsChanged""]"
Jsoup,67,"[""org.jsoup.parser.HtmlTreeBuilder#inSpecificScope""]"
Jsoup,68,"[""org.jsoup.parser.HtmlTreeBuilder#inSpecificScope""]"
Jsoup,69,"[""org.jsoup.nodes.FormElement#removeChild""]"
Jsoup,70,"[""org.jsoup.nodes.Element#preserveWhitespace""]"
Jsoup,72,"[""org.jsoup.parser.CharacterReader#cacheString""]"
Jsoup,73,"[""org.jsoup.helper.W3CDom.W3CBuilder#W3CBuilder"",""org.jsoup.helper.W3CDom.W3CBuilder#head"",""org.jsoup.helper.W3CDom.W3CBuilder#tail"",""org.jsoup.helper.W3CDom.W3CBuilder#updateNamespaces""]"
Jsoup,74,"[""org.jsoup.helper.StringUtil#appendNormalisedWhitespace"",""org.jsoup.helper.StringUtil#isInvisibleChar""]"
Jsoup,75,"[""org.jsoup.nodes.Attributes#html""]"
Jsoup,76,"[""org.jsoup.parser.HtmlTreeBuilderState.7#process""]"
Jsoup,77,"[""org.jsoup.parser.XmlTreeBuilder#popStackToClose""]"
Jsoup,78,"[""org.jsoup.helper.DataUtil#parseInputStream""]"
Jsoup,79,"[""org.jsoup.nodes.LeafNode#ensureChildNodes""]"
Jsoup,80,"[""org.jsoup.parser.XmlTreeBuilder#insert""]"
Jsoup,81,"[""org.jsoup.helper.DataUtil#parseInputStream""]"
Jsoup,82,"[""org.jsoup.helper.DataUtil#parseInputStream""]"
Jsoup,83,"[""org.jsoup.parser.CharacterReader#consumeTagName"",""org.jsoup.parser.TokeniserState.10#read"",""org.jsoup.parser.TokeniserState.34#read""]"
Jsoup,84,"[""org.jsoup.helper.W3CDom.W3CBuilder#head""]"
Jsoup,85,"[""org.jsoup.nodes.Attribute#Attribute""]"
Jsoup,86,"[""org.jsoup.nodes.Comment#asXmlDeclaration""]"
Jsoup,87,"[""org.jsoup.nodes.Element#normalName"",""org.jsoup.parser.HtmlTreeBuilder#clearStackToContext"",""org.jsoup.parser.HtmlTreeBuilder#generateImpliedEndTags"",""org.jsoup.parser.HtmlTreeBuilder#getActiveFormattingElement"",""org.jsoup.parser.HtmlTreeBuilder#getFromStack"",""org.jsoup.parser.HtmlTreeBuilder#inSelectScope"",""org.jsoup.parser.HtmlTreeBuilder#inSpecificScope"",""org.jsoup.parser.HtmlTreeBuilder#isSameFormattingElement"",""org.jsoup.parser.HtmlTreeBuilder#isSpecial"",""org.jsoup.parser.HtmlTreeBuilder#popStackToBefore"",""org.jsoup.parser.HtmlTreeBuilder#popStackToClose"",""org.jsoup.parser.HtmlTreeBuilder#reconstructFormattingElements"",""org.jsoup.parser.HtmlTreeBuilder#resetInsertionMode"",""org.jsoup.parser.HtmlTreeBuilderState.10#process"",""org.jsoup.parser.HtmlTreeBuilderState.11#process"",""org.jsoup.parser.HtmlTreeBuilderState.12#process"",""org.jsoup.parser.HtmlTreeBuilderState.13#exitTableBody"",""org.jsoup.parser.HtmlTreeBuilderState.15#process"",""org.jsoup.parser.HtmlTreeBuilderState.16#process"",""org.jsoup.parser.HtmlTreeBuilderState.19#process"",""org.jsoup.parser.HtmlTreeBuilderState.7#anyOtherEndTag"",""org.jsoup.parser.HtmlTreeBuilderState.7#process"",""org.jsoup.parser.HtmlTreeBuilderState.9#anythingElse"",""org.jsoup.parser.HtmlTreeBuilderState.9#process"",""org.jsoup.parser.Tag#Tag"",""org.jsoup.parser.Tag#normalName""]"
Jsoup,88,"[""org.jsoup.nodes.Attribute#getValue""]"
Jsoup,89,"[""org.jsoup.nodes.Attribute#setValue""]"
Jsoup,90,"[""org.jsoup.helper.HttpConnection.Base#looksLikeUtf8""]"
Jsoup,91,"[""org.jsoup.UncheckedIOException#UncheckedIOException"",""org.jsoup.parser.CharacterReader#CharacterReader"",""org.jsoup.parser.CharacterReader#isBinary""]"
Jsoup,92,"[""org.jsoup.nodes.Attributes#add"",""org.jsoup.nodes.Attributes#deduplicate"",""org.jsoup.nodes.Attributes#isEmpty"",""org.jsoup.parser.HtmlTreeBuilder#insert"",""org.jsoup.parser.ParseSettings#preserveAttributeCase"",""org.jsoup.parser.Token.Tag#newAttribute"",""org.jsoup.parser.XmlTreeBuilder#insert""]"
Jsoup,93,"[""org.jsoup.nodes.FormElement#formData""]"
JxPath,1,"[""org.apache.commons.jxpath.ri.model.dom.DOMNodePointer#testNode"",""org.apache.commons.jxpath.ri.model.jdom.JDOMNodePointer#testNode""]"
JxPath,2,"[""org.apache.commons.jxpath.ri.compiler.Expression#iterate"",""org.apache.commons.jxpath.ri.compiler.Expression#iteratePointers""]"
JxPath,3,"[""org.apache.commons.jxpath.ri.model.beans.NullPropertyPointer#createBadFactoryException"",""org.apache.commons.jxpath.ri.model.beans.NullPropertyPointer#createPath""]"
JxPath,4,"[""org.apache.commons.jxpath.ri.model.dom.DOMNodePointer#findEnclosingAttribute"",""org.apache.commons.jxpath.ri.model.dom.DOMNodePointer#getLanguage"",""org.apache.commons.jxpath.ri.model.dom.DOMNodePointer#getValue"",""org.apache.commons.jxpath.ri.model.dom.DOMNodePointer#stringValue"",""org.apache.commons.jxpath.ri.model.jdom.JDOMNodePointer#findEnclosingAttribute"",""org.apache.commons.jxpath.ri.model.jdom.JDOMNodePointer#getLanguage"",""org.apache.commons.jxpath.ri.model.jdom.JDOMNodePointer#getValue""]"
JxPath,5,"[""org.apache.commons.jxpath.ri.model.NodePointer#compareNodePointers""]"
JxPath,6,"[""org.apache.commons.jxpath.ri.compiler.CoreOperationCompare#equal""]"
JxPath,7,"[""org.apache.commons.jxpath.ri.compiler.CoreOperationGreaterThan#computeValue"",""org.apache.commons.jxpath.ri.compiler.CoreOperationGreaterThan#evaluateCompare"",""org.apache.commons.jxpath.ri.compiler.CoreOperationGreaterThanOrEqual#computeValue"",""org.apache.commons.jxpath.ri.compiler.CoreOperationGreaterThanOrEqual#evaluateCompare"",""org.apache.commons.jxpath.ri.compiler.CoreOperationLessThan#computeValue"",""org.apache.commons.jxpath.ri.compiler.CoreOperationLessThan#evaluateCompare"",""org.apache.commons.jxpath.ri.compiler.CoreOperationLessThanOrEqual#computeValue"",""org.apache.commons.jxpath.ri.compiler.CoreOperationLessThanOrEqual#evaluateCompare"",""org.apache.commons.jxpath.ri.compiler.CoreOperationRelationalExpression#compare"",""org.apache.commons.jxpath.ri.compiler.CoreOperationRelationalExpression#compute"",""org.apache.commons.jxpath.ri.compiler.CoreOperationRelationalExpression#computeValue"",""org.apache.commons.jxpath.ri.compiler.CoreOperationRelationalExpression#containsMatch"",""org.apache.commons.jxpath.ri.compiler.CoreOperationRelationalExpression#evaluateCompare"",""org.apache.commons.jxpath.ri.compiler.CoreOperationRelationalExpression#findMatch"",""org.apache.commons.jxpath.ri.compiler.CoreOperationRelationalExpression#reduce""]"
JxPath,8,"[""org.apache.commons.jxpath.ri.compiler.CoreOperationRelationalExpression#compute""]"
JxPath,9,"[""org.apache.commons.jxpath.ri.compiler.CoreOperationCompare#CoreOperationCompare"",""org.apache.commons.jxpath.ri.compiler.CoreOperationCompare#computeValue"",""org.apache.commons.jxpath.ri.compiler.CoreOperationCompare#equal"",""org.apache.commons.jxpath.ri.compiler.CoreOperationEqual#computeValue"",""org.apache.commons.jxpath.ri.compiler.CoreOperationNotEqual#CoreOperationNotEqual"",""org.apache.commons.jxpath.ri.compiler.CoreOperationNotEqual#computeValue""]"
JxPath,10,"[""org.apache.commons.jxpath.ri.compiler.CoreOperationRelationalExpression#computeValue""]"
JxPath,11,"[""org.apache.commons.jxpath.ri.model.dom.DOMAttributeIterator#getAttribute"",""org.apache.commons.jxpath.ri.model.jdom.JDOMAttributeIterator#JDOMAttributeIterator""]"
JxPath,12,"[""org.apache.commons.jxpath.ri.model.dom.DOMNodePointer#testNode""]"
JxPath,13,"[""org.apache.commons.jxpath.ri.NamespaceResolver#getExternallyRegisteredNamespaceURI"",""org.apache.commons.jxpath.ri.NamespaceResolver#getExternallyRegisteredPrefix"",""org.apache.commons.jxpath.ri.NamespaceResolver#getNamespaceURI"",""org.apache.commons.jxpath.ri.NamespaceResolver#getPrefix"",""org.apache.commons.jxpath.ri.model.dom.DOMNodePointer#createAttribute"",""org.apache.commons.jxpath.ri.model.dom.DOMNodePointer#getNamespaceResolver""]"
JxPath,14,"[""org.apache.commons.jxpath.ri.compiler.CoreFunction#functionCeiling"",""org.apache.commons.jxpath.ri.compiler.CoreFunction#functionFloor"",""org.apache.commons.jxpath.ri.compiler.CoreFunction#functionRound""]"
JxPath,15,"[""org.apache.commons.jxpath.ri.axes.UnionContext#setPosition""]"
JxPath,16,"[""org.apache.commons.jxpath.ri.model.dom.DOMNodePointer#testNode"",""org.apache.commons.jxpath.ri.model.jdom.JDOMNodePointer#testNode""]"
JxPath,17,"[""org.apache.commons.jxpath.ri.model.dom.DOMAttributeIterator#testAttr"",""org.apache.commons.jxpath.ri.model.jdom.JDOMAttributeIterator#JDOMAttributeIterator""]"
JxPath,18,"[""org.apache.commons.jxpath.ri.axes.AttributeContext#nextNode""]"
JxPath,19,"[""org.apache.commons.jxpath.ri.model.dom.DOMNodePointer#getRelativePositionByQName"",""org.apache.commons.jxpath.ri.model.dom.DOMNodePointer#matchesQName"",""org.apache.commons.jxpath.ri.model.jdom.JDOMNodePointer#getRelativePositionByQName"",""org.apache.commons.jxpath.ri.model.jdom.JDOMNodePointer#matchesQName""]"
JxPath,20,"[""org.apache.commons.jxpath.ri.compiler.CoreOperationRelationalExpression#compute"",""org.apache.commons.jxpath.ri.compiler.CoreOperationRelationalExpression#containsMatch""]"
JxPath,21,"[""org.apache.commons.jxpath.ri.model.beans.PropertyPointer#getLength""]"
JxPath,22,"[""org.apache.commons.jxpath.ri.model.dom.DOMNodePointer#getNamespaceURI""]"
Lang,1,"[""org.apache.commons.lang3.math.NumberUtils#createNumber""]"
Lang,3,"[""org.apache.commons.lang3.math.NumberUtils#createNumber""]"
Lang,4,"[""org.apache.commons.lang3.text.translate.LookupTranslator#LookupTranslator"",""org.apache.commons.lang3.text.translate.LookupTranslator#translate""]"
Lang,5,"[""org.apache.commons.lang3.LocaleUtils#toLocale""]"
Lang,6,"[""org.apache.commons.lang3.text.translate.CharSequenceTranslator#translate""]"
Lang,7,"[""org.apache.commons.lang3.math.NumberUtils#createBigDecimal"",""org.apache.commons.lang3.math.NumberUtils#createNumber""]"
Lang,8,"[""org.apache.commons.lang3.time.FastDatePrinter.TimeZoneNameRule#TimeZoneNameRule"",""org.apache.commons.lang3.time.FastDatePrinter.TimeZoneNameRule#appendTo""]"
Lang,9,"[""org.apache.commons.lang3.time.FastDateParser#init""]"
Lang,10,"[""org.apache.commons.lang3.time.FastDateParser#escapeRegex""]"
Lang,11,"[""org.apache.commons.lang3.RandomStringUtils#random""]"
Lang,12,"[""org.apache.commons.lang3.RandomStringUtils#random""]"
Lang,13,"[""org.apache.commons.lang3.SerializationUtils.ClassLoaderAwareObjectInputStream#ClassLoaderAwareObjectInputStream"",""org.apache.commons.lang3.SerializationUtils.ClassLoaderAwareObjectInputStream#resolveClass""]"
Lang,14,"[""org.apache.commons.lang3.StringUtils#equals""]"
Lang,15,"[""org.apache.commons.lang3.reflect.TypeUtils#getTypeArguments"",""org.apache.commons.lang3.reflect.TypeUtils#isAssignable""]"
Lang,16,"[""org.apache.commons.lang3.math.NumberUtils#createNumber""]"
Lang,17,"[""org.apache.commons.lang3.text.translate.CharSequenceTranslator#translate""]"
Lang,19,"[""org.apache.commons.lang3.text.translate.NumericEntityUnescaper#translate""]"
Lang,20,"[""org.apache.commons.lang3.StringUtils#join""]"
Lang,21,"[""org.apache.commons.lang3.time.DateUtils#isSameLocalTime""]"
Lang,22,"[""org.apache.commons.lang3.math.Fraction#greatestCommonDivisor""]"
Lang,23,"[""org.apache.commons.lang3.text.ExtendedMessageFormat#equals"",""org.apache.commons.lang3.text.ExtendedMessageFormat#hashCode""]"
Lang,24,"[""org.apache.commons.lang3.math.NumberUtils#isNumber""]"
Lang,26,"[""org.apache.commons.lang3.time.FastDateFormat#format""]"
Lang,27,"[""org.apache.commons.lang3.math.NumberUtils#createNumber""]"
Lang,28,"[""org.apache.commons.lang3.text.translate.NumericEntityUnescaper#translate""]"
Lang,29,"[""org.apache.commons.lang3.SystemUtils#toJavaVersionInt""]"
Lang,30,"[""org.apache.commons.lang3.StringUtils#containsAny"",""org.apache.commons.lang3.StringUtils#containsNone"",""org.apache.commons.lang3.StringUtils#indexOfAny"",""org.apache.commons.lang3.StringUtils#indexOfAnyBut""]"
Lang,31,"[""org.apache.commons.lang3.StringUtils#containsAny""]"
Lang,32,"[""org.apache.commons.lang3.builder.HashCodeBuilder#isRegistered"",""org.apache.commons.lang3.builder.HashCodeBuilder#register"",""org.apache.commons.lang3.builder.HashCodeBuilder#unregister"",""org.apache.commons.lang3.builder.HashCodeBuilder.1#initialValue""]"
Lang,33,"[""org.apache.commons.lang3.ClassUtils#toClass""]"
Lang,34,"[""org.apache.commons.lang3.builder.ToStringStyle#getRegistry"",""org.apache.commons.lang3.builder.ToStringStyle#isRegistered""]"
Lang,35,"[""org.apache.commons.lang3.ArrayUtils#add""]"
Lang,36,"[""org.apache.commons.lang3.math.NumberUtils#createNumber"",""org.apache.commons.lang3.math.NumberUtils#isNumber""]"
Lang,37,"[""org.apache.commons.lang3.ArrayUtils#addAll""]"
Lang,38,"[""org.apache.commons.lang3.time.FastDateFormat#format""]"
Lang,39,"[""org.apache.commons.lang3.StringUtils#replaceEach""]"
Lang,40,"[""org.apache.commons.lang.StringUtils#containsIgnoreCase""]"
Lang,41,"[""org.apache.commons.lang.ClassUtils#getPackageName"",""org.apache.commons.lang.ClassUtils#getShortClassName""]"
Lang,42,"[""org.apache.commons.lang.Entities#escape""]"
Lang,43,"[""org.apache.commons.lang.text.ExtendedMessageFormat#appendQuotedString""]"
Lang,44,"[""org.apache.commons.lang.NumberUtils#createNumber""]"
Lang,45,"[""org.apache.commons.lang.WordUtils#abbreviate""]"
Lang,46,"[""org.apache.commons.lang.StringEscapeUtils#escapeJava"",""org.apache.commons.lang.StringEscapeUtils#escapeJavaScript"",""org.apache.commons.lang.StringEscapeUtils#escapeJavaStyleString""]"
Lang,47,"[""org.apache.commons.lang.text.StrBuilder#appendFixedWidthPadLeft"",""org.apache.commons.lang.text.StrBuilder#appendFixedWidthPadRight""]"
Lang,49,"[""org.apache.commons.lang.math.Fraction#reduce""]"
Lang,50,"[""org.apache.commons.lang.time.FastDateFormat#getDateInstance"",""org.apache.commons.lang.time.FastDateFormat#getDateTimeInstance""]"
Lang,51,"[""org.apache.commons.lang.BooleanUtils#toBoolean""]"
Lang,52,"[""org.apache.commons.lang.StringEscapeUtils#escapeJavaStyleString""]"
Lang,53,"[""org.apache.commons.lang.time.DateUtils#modify""]"
Lang,54,"[""org.apache.commons.lang.LocaleUtils#toLocale""]"
Lang,55,"[""org.apache.commons.lang.time.StopWatch#stop""]"
Lang,56,"[""org.apache.commons.lang.time.FastDateFormat#readObject""]"
Lang,57,"[""org.apache.commons.lang.LocaleUtils#isAvailableLocale""]"
Lang,58,"[""org.apache.commons.lang.math.NumberUtils#createNumber""]"
Lang,59,"[""org.apache.commons.lang.text.StrBuilder#appendFixedWidthPadRight""]"
Lang,60,"[""org.apache.commons.lang.text.StrBuilder#contains"",""org.apache.commons.lang.text.StrBuilder#indexOf""]"
Lang,61,"[""org.apache.commons.lang.text.StrBuilder#indexOf""]"
Lang,62,"[""org.apache.commons.lang.Entities#unescape""]"
Lang,63,"[""org.apache.commons.lang.time.DurationFormatUtils#formatPeriod"",""org.apache.commons.lang.time.DurationFormatUtils#reduceAndCorrect""]"
Lang,64,"[""org.apache.commons.lang.enums.ValuedEnum#compareTo"",""org.apache.commons.lang.enums.ValuedEnum#getValueInOtherClassLoader""]"
Lang,65,"[""org.apache.commons.lang.time.DateUtils#modify""]"
Math,1,"[""org.apache.commons.math3.fraction.BigFraction#BigFraction"",""org.apache.commons.math3.fraction.Fraction#Fraction""]"
Math,2,"[""org.apache.commons.math3.distribution.HypergeometricDistribution#getNumericalMean""]"
Math,3,"[""org.apache.commons.math3.util.MathArrays#linearCombination""]"
Math,4,"[""org.apache.commons.math3.geometry.euclidean.threed.SubLine#intersection"",""org.apache.commons.math3.geometry.euclidean.twod.SubLine#intersection""]"
Math,5,"[""org.apache.commons.math3.complex.Complex#reciprocal""]"
Math,6,"[""org.apache.commons.math3.optim.BaseOptimizer#BaseOptimizer"",""org.apache.commons.math3.optim.nonlinear.scalar.gradient.NonLinearConjugateGradientOptimizer#doOptimize"",""org.apache.commons.math3.optim.nonlinear.scalar.noderiv.CMAESOptimizer#doOptimize"",""org.apache.commons.math3.optim.nonlinear.scalar.noderiv.PowellOptimizer#doOptimize"",""org.apache.commons.math3.optim.nonlinear.scalar.noderiv.SimplexOptimizer#doOptimize"",""org.apache.commons.math3.optim.nonlinear.vector.jacobian.GaussNewtonOptimizer#doOptimize"",""org.apache.commons.math3.optim.nonlinear.vector.jacobian.LevenbergMarquardtOptimizer#doOptimize""]"
Math,7,"[""org.apache.commons.math3.ode.AbstractIntegrator#acceptStep""]"
Math,8,"[""org.apache.commons.math3.distribution.DiscreteDistribution#sample""]"
Math,9,"[""org.apache.commons.math3.geometry.euclidean.threed.Line#revert""]"
Math,10,"[""org.apache.commons.math3.analysis.differentiation.DSCompiler#atan2""]"
Math,11,"[""org.apache.commons.math3.distribution.MultivariateNormalDistribution#density""]"
Math,12,[]
Math,13,"[""org.apache.commons.math3.optimization.general.AbstractLeastSquaresOptimizer#squareRoot""]"
Math,14,"[""org.apache.commons.math3.optim.nonlinear.vector.Weight#Weight"",""org.apache.commons.math3.optim.nonlinear.vector.jacobian.AbstractLeastSquaresOptimizer#squareRoot""]"
Math,15,"[""org.apache.commons.math3.util.FastMath#pow""]"
Math,16,"[""org.apache.commons.math3.util.FastMath#cosh"",""org.apache.commons.math3.util.FastMath#sinh""]"
Math,17,"[""org.apache.commons.math3.dfp.Dfp#multiply""]"
Math,18,"[""org.apache.commons.math3.optimization.direct.CMAESOptimizer.FitnessFunction#decode"",""org.apache.commons.math3.optimization.direct.CMAESOptimizer.FitnessFunction#encode"",""org.apache.commons.math3.optimization.direct.CMAESOptimizer.FitnessFunction#isFeasible""]"
Math,19,"[""org.apache.commons.math3.optimization.direct.CMAESOptimizer#checkParameters""]"
Math,20,"[""org.apache.commons.math3.optimization.direct.CMAESOptimizer.FitnessFunction#repairAndDecode""]"
Math,21,"[""org.apache.commons.math3.linear.RectangularCholeskyDecomposition#RectangularCholeskyDecomposition""]"
Math,22,"[""org.apache.commons.math3.distribution.FDistribution#isSupportLowerBoundInclusive"",""org.apache.commons.math3.distribution.UniformRealDistribution#isSupportUpperBoundInclusive""]"
Math,23,"[""org.apache.commons.math3.optimization.univariate.BrentOptimizer#doOptimize""]"
Math,24,"[""org.apache.commons.math3.optimization.univariate.BrentOptimizer#doOptimize""]"
Math,25,"[""org.apache.commons.math3.optimization.fitting.HarmonicFitter.ParameterGuesser#guessAOmega""]"
Math,26,"[""org.apache.commons.math3.fraction.Fraction#Fraction""]"
Math,27,"[""org.apache.commons.math3.fraction.Fraction#percentageValue""]"
Math,28,"[""org.apache.commons.math3.optimization.linear.SimplexSolver#getPivotRow""]"
Math,29,"[""org.apache.commons.math3.linear.OpenMapRealVector#ebeDivide"",""org.apache.commons.math3.linear.OpenMapRealVector#ebeMultiply""]"
Math,30,"[""org.apache.commons.math3.stat.inference.MannWhitneyUTest#calculateAsymptoticPValue""]"
Math,31,"[""org.apache.commons.math3.util.ContinuedFraction#evaluate""]"
Math,32,"[""org.apache.commons.math3.geometry.euclidean.twod.PolygonsSet#computeGeometricalProperties""]"
Math,33,"[""org.apache.commons.math3.optimization.linear.SimplexTableau#dropPhase1Objective""]"
Math,34,"[""org.apache.commons.math3.genetics.ListPopulation#iterator""]"
Math,35,"[""org.apache.commons.math3.genetics.ElitisticListPopulation#ElitisticListPopulation""]"
Math,36,"[""org.apache.commons.math.fraction.BigFraction#doubleValue"",""org.apache.commons.math.fraction.BigFraction#floatValue""]"
Math,37,"[""org.apache.commons.math.complex.Complex#tan"",""org.apache.commons.math.complex.Complex#tanh""]"
Math,38,"[""org.apache.commons.math.optimization.direct.BOBYQAOptimizer#prelim""]"
Math,39,"[""org.apache.commons.math.ode.nonstiff.EmbeddedRungeKuttaIntegrator#integrate""]"
Math,40,"[""org.apache.commons.math.analysis.solvers.BracketingNthOrderBrentSolver#doSolve""]"
Math,41,"[""org.apache.commons.math.stat.descriptive.moment.Variance#evaluate""]"
Math,42,"[""org.apache.commons.math.optimization.linear.SimplexTableau#getSolution""]"
Math,43,"[""org.apache.commons.math.stat.descriptive.SummaryStatistics#addValue""]"
Math,44,"[""org.apache.commons.math.ode.AbstractIntegrator#acceptStep""]"
Math,45,"[""org.apache.commons.math.linear.OpenMapRealMatrix#OpenMapRealMatrix""]"
Math,46,"[""org.apache.commons.math.complex.Complex#divide""]"
Math,47,"[""org.apache.commons.math.complex.Complex#Complex"",""org.apache.commons.math.complex.Complex#divide""]"
Math,48,"[""org.apache.commons.math.analysis.solvers.BaseSecantSolver#doSolve""]"
Math,49,"[""org.apache.commons.math.linear.OpenMapRealVector#ebeDivide"",""org.apache.commons.math.linear.OpenMapRealVector#ebeMultiply""]"
Math,50,"[""org.apache.commons.math.analysis.solvers.BaseSecantSolver#doSolve""]"
Math,51,"[""org.apache.commons.math.analysis.solvers.BaseSecantSolver#doSolve""]"
Math,52,"[""org.apache.commons.math.geometry.euclidean.threed.Rotation#Rotation""]"
Math,53,"[""org.apache.commons.math.complex.Complex#add""]"
Math,54,"[""org.apache.commons.math.dfp.Dfp#Dfp"",""org.apache.commons.math.dfp.Dfp#toDouble""]"
Math,55,"[""org.apache.commons.math.geometry.Vector3D#crossProduct""]"
Math,56,"[""org.apache.commons.math.util.MultidimensionalCounter#getCounts""]"
Math,57,"[""org.apache.commons.math.stat.clustering.KMeansPlusPlusClusterer#chooseInitialCenters""]"
Math,58,"[""org.apache.commons.math.optimization.fitting.GaussianFitter#fit""]"
Math,59,"[""org.apache.commons.math.util.FastMath#max""]"
Math,60,"[""org.apache.commons.math.distribution.NormalDistributionImpl#cumulativeProbability""]"
Math,61,"[""org.apache.commons.math.distribution.PoissonDistributionImpl#PoissonDistributionImpl""]"
Math,62,"[""org.apache.commons.math.optimization.univariate.MultiStartUnivariateRealOptimizer#optimize""]"
Math,63,"[""org.apache.commons.math.util.MathUtils#equals""]"
Math,64,"[""org.apache.commons.math.optimization.general.LevenbergMarquardtOptimizer#doOptimize""]"
Math,65,"[""org.apache.commons.math.optimization.general.AbstractLeastSquaresOptimizer#getChiSquare"",""org.apache.commons.math.optimization.general.AbstractLeastSquaresOptimizer#getRMS""]"
Math,66,"[""org.apache.commons.math.optimization.univariate.BrentOptimizer#BrentOptimizer"",""org.apache.commons.math.optimization.univariate.BrentOptimizer#doOptimize"",""org.apache.commons.math.optimization.univariate.BrentOptimizer#localMin"",""org.apache.commons.math.optimization.univariate.BrentOptimizer#optimize""]"
Math,67,"[""org.apache.commons.math.optimization.MultiStartUnivariateRealOptimizer#getFunctionValue"",""org.apache.commons.math.optimization.MultiStartUnivariateRealOptimizer#getResult""]"
Math,68,"[""org.apache.commons.math.optimization.general.LevenbergMarquardtOptimizer#LevenbergMarquardtOptimizer"",""org.apache.commons.math.optimization.general.LevenbergMarquardtOptimizer#doOptimize""]"
Math,69,"[""org.apache.commons.math.stat.correlation.PearsonsCorrelation#getCorrelationPValues""]"
Math,70,"[""org.apache.commons.math.analysis.solvers.BisectionSolver#solve""]"
Math,71,"[""org.apache.commons.math.ode.nonstiff.EmbeddedRungeKuttaIntegrator#integrate"",""org.apache.commons.math.ode.nonstiff.RungeKuttaIntegrator#integrate""]"
Math,72,"[""org.apache.commons.math.analysis.solvers.BrentSolver#solve""]"
Math,73,"[""org.apache.commons.math.analysis.solvers.BrentSolver#solve""]"
Math,74,"[""org.apache.commons.math.ode.nonstiff.EmbeddedRungeKuttaIntegrator#integrate""]"
Math,75,"[""org.apache.commons.math.stat.Frequency#getPct""]"
Math,76,"[""org.apache.commons.math.linear.SingularValueDecompositionImpl#getU"",""org.apache.commons.math.linear.SingularValueDecompositionImpl#getV""]"
Math,77,"[""org.apache.commons.math.linear.ArrayRealVector#getLInfNorm"",""org.apache.commons.math.linear.OpenMapRealVector#getLInfNorm""]"
Math,78,"[""org.apache.commons.math.ode.events.EventState#evaluateStep""]"
Math,79,"[""org.apache.commons.math.util.MathUtils#distance""]"
Math,80,"[""org.apache.commons.math.linear.EigenDecompositionImpl#flipIfWarranted""]"
Math,81,"[""org.apache.commons.math.linear.EigenDecompositionImpl#computeGershgorinCircles"",""org.apache.commons.math.linear.EigenDecompositionImpl#computeShiftIncrement"",""org.apache.commons.math.linear.EigenDecompositionImpl#processGeneralBlock""]"
Math,82,"[""org.apache.commons.math.optimization.linear.SimplexSolver#getPivotRow""]"
Math,83,"[""org.apache.commons.math.optimization.linear.SimplexTableau#getBasicRow"",""org.apache.commons.math.optimization.linear.SimplexTableau#getSolution""]"
Math,84,"[""org.apache.commons.math.optimization.direct.MultiDirectional#iterateSimplex""]"
Math,85,"[""org.apache.commons.math.analysis.solvers.UnivariateRealSolverUtils#bracket""]"
Math,86,"[""org.apache.commons.math.linear.CholeskyDecompositionImpl#CholeskyDecompositionImpl""]"
Math,87,"[""org.apache.commons.math.optimization.linear.SimplexTableau#getBasicRow""]"
Math,88,"[""org.apache.commons.math.optimization.linear.SimplexTableau#getSolution""]"
Math,89,"[""org.apache.commons.math.stat.Frequency#addValue""]"
Math,90,"[""org.apache.commons.math.stat.Frequency#addValue""]"
Math,91,"[""org.apache.commons.math.fraction.Fraction#compareTo""]"
Math,92,"[""org.apache.commons.math.util.MathUtils#binomialCoefficient"",""org.apache.commons.math.util.MathUtils#binomialCoefficientDouble"",""org.apache.commons.math.util.MathUtils#binomialCoefficientLog""]"
Math,93,"[""org.apache.commons.math.util.MathUtils#factorial"",""org.apache.commons.math.util.MathUtils#factorialDouble"",""org.apache.commons.math.util.MathUtils#factorialLog""]"
Math,94,"[""org.apache.commons.math.util.MathUtils#gcd""]"
Math,95,"[""org.apache.commons.math.distribution.FDistributionImpl#getInitialDomain""]"
Math,96,"[""org.apache.commons.math.complex.Complex#equals""]"
Math,97,"[""org.apache.commons.math.analysis.BrentSolver#solve""]"
Math,98,"[""org.apache.commons.math.linear.BigMatrixImpl#operate"",""org.apache.commons.math.linear.RealMatrixImpl#operate""]"
Mockito,1,"[""org.mockito.internal.invocation.InvocationMatcher#captureArgumentsFrom""]"
Mockito,2,"[""org.mockito.internal.util.Timer#Timer"",""org.mockito.internal.util.Timer#validateInput""]"
Mockito,3,"[""org.mockito.internal.invocation.InvocationMatcher#captureArgumentsFrom"",""org.mockito.internal.invocation.InvocationMatcher#uniqueMatcherSet""]"
Mockito,4,"[""org.mockito.exceptions.Reporter#exceptionCauseMessageIfAvailable"",""org.mockito.exceptions.Reporter#noMoreInteractionsWanted"",""org.mockito.exceptions.Reporter#noMoreInteractionsWantedInOrder""]"
Mockito,5,"[""org.mockito.internal.verification.VerificationOverTimeImpl#verify""]"
Mockito,6,"[""org.mockito.Matchers#any"",""org.mockito.Matchers#anyBoolean"",""org.mockito.Matchers#anyByte"",""org.mockito.Matchers#anyChar"",""org.mockito.Matchers#anyCollection"",""org.mockito.Matchers#anyCollectionOf"",""org.mockito.Matchers#anyDouble"",""org.mockito.Matchers#anyFloat"",""org.mockito.Matchers#anyInt"",""org.mockito.Matchers#anyList"",""org.mockito.Matchers#anyListOf"",""org.mockito.Matchers#anyLong"",""org.mockito.Matchers#anyMap"",""org.mockito.Matchers#anyMapOf"",""org.mockito.Matchers#anyObject"",""org.mockito.Matchers#anySet"",""org.mockito.Matchers#anySetOf"",""org.mockito.Matchers#anyShort"",""org.mockito.Matchers#anyString""]"
Mockito,7,"[""org.mockito.internal.util.reflection.GenericMetadataSupport.TypeVariableReturnType#readTypeVariables""]"
Mockito,8,"[""org.mockito.internal.util.reflection.GenericMetadataSupport#registerTypeVariablesOn""]"
Mockito,9,"[""org.mockito.internal.stubbing.answers.CallsRealMethods#answer""]"
Mockito,10,"[""org.mockito.internal.stubbing.defaultanswers.ReturnsDeepStubs#deepStub"",""org.mockito.internal.stubbing.defaultanswers.ReturnsDeepStubs#newDeepStubMock"",""org.mockito.internal.stubbing.defaultanswers.ReturnsDeepStubs#propagateSerializationSettings"",""org.mockito.internal.stubbing.defaultanswers.ReturnsDeepStubs#withSettingsUsing""]"
Mockito,11,"[""org.mockito.internal.creation.DelegatingMethod#equals"",""org.mockito.internal.creation.DelegatingMethod#hashCode""]"
Mockito,18,"[""org.mockito.internal.stubbing.defaultanswers.ReturnsEmptyValues#returnValueFor""]"
Mockito,19,"[""org.mockito.internal.configuration.injection.PropertyAndSetterInjection#injectMockCandidatesOnFields"",""org.mockito.internal.configuration.injection.filter.FinalMockCandidateFilter#filterCandidate"",""org.mockito.internal.configuration.injection.filter.MockCandidateFilter#filterCandidate"",""org.mockito.internal.configuration.injection.filter.NameBasedCandidateFilter#filterCandidate"",""org.mockito.internal.configuration.injection.filter.NameBasedCandidateFilter.1#thenInject"",""org.mockito.internal.configuration.injection.filter.TypeBasedCandidateFilter#filterCandidate""]"
Mockito,20,"[""org.mockito.internal.creation.bytebuddy.ByteBuddyMockMaker#createMock""]"
Mockito,21,"[""org.mockito.internal.creation.instance.ConstructorInstantiator#newInstance"",""org.mockito.internal.creation.instance.ConstructorInstantiator#paramsMatch"",""org.mockito.internal.creation.instance.ConstructorInstantiator#withOuterClass"",""org.mockito.internal.creation.instance.ConstructorInstantiator#withParams""]"
Time,1,"[""org.joda.time.Partial#Partial"",""org.joda.time.field.UnsupportedDurationField#compareTo""]"
Time,2,"[""org.joda.time.Partial#Partial"",""org.joda.time.Partial#with"",""org.joda.time.field.UnsupportedDurationField#compareTo""]"
Time,3,"[""org.joda.time.MutableDateTime#add"",""org.joda.time.MutableDateTime#addDays"",""org.joda.time.MutableDateTime#addHours"",""org.joda.time.MutableDateTime#addMillis"",""org.joda.time.MutableDateTime#addMinutes"",""org.joda.time.MutableDateTime#addMonths"",""org.joda.time.MutableDateTime#addSeconds"",""org.joda.time.MutableDateTime#addWeeks"",""org.joda.time.MutableDateTime#addWeekyears"",""org.joda.time.MutableDateTime#addYears""]"
Time,4,"[""org.joda.time.Partial#with""]"
Time,5,"[""org.joda.time.Period#normalizedStandard""]"
Time,6,"[""org.joda.time.chrono.GJChronology#getInstance"",""org.joda.time.chrono.GJChronology.ImpreciseCutoverField#add""]"
Time,7,"[""org.joda.time.format.DateTimeFormatter#parseInto""]"
Time,8,"[""org.joda.time.DateTimeZone#forOffsetHoursMinutes""]"
Time,9,"[""org.joda.time.DateTimeZone#forOffsetHoursMinutes"",""org.joda.time.DateTimeZone#forOffsetMillis""]"
Time,10,"[""org.joda.time.base.BaseSingleFieldPeriod#between""]"
Time,11,"[""org.joda.time.tz.ZoneInfoCompiler.1#initialValue""]"
Time,12,"[""org.joda.time.LocalDate#fromCalendarFields"",""org.joda.time.LocalDate#fromDateFields"",""org.joda.time.LocalDateTime#fromCalendarFields"",""org.joda.time.LocalDateTime#fromDateFields""]"
Time,13,"[""org.joda.time.format.PeriodFormatterBuilder.FieldFormatter#calculatePrintedLength"",""org.joda.time.format.PeriodFormatterBuilder.FieldFormatter#printTo""]"
Time,14,"[""org.joda.time.chrono.BasicMonthOfYearDateTimeField#add""]"
Time,15,"[""org.joda.time.field.FieldUtils#safeMultiply""]"
Time,16,"[""org.joda.time.format.DateTimeFormatter#parseInto""]"
Time,17,"[""org.joda.time.DateTimeZone#adjustOffset""]"
Time,18,"[""org.joda.time.chrono.GJChronology#getDateTimeMillis""]"
Time,19,"[""org.joda.time.DateTimeZone#getOffsetFromLocal""]"
Time,20,"[""org.joda.time.format.DateTimeFormatterBuilder.TimeZoneId#parseInto""]"
Time,22,"[""org.joda.time.base.BasePeriod#BasePeriod""]"
Time,23,"[""org.joda.time.DateTimeZone#getConvertedId""]"
Time,24,"[""org.joda.time.format.DateTimeParserBucket#computeMillis""]"
Time,25,"[""org.joda.time.DateTimeZone#getOffsetFromLocal""]"
Time,26,"[""org.joda.time.DateTimeZone#convertLocalToUTC"",""org.joda.time.chrono.ZonedChronology.ZonedDateTimeField#add"",""org.joda.time.chrono.ZonedChronology.ZonedDateTimeField#addWrapField"",""org.joda.time.chrono.ZonedChronology.ZonedDateTimeField#roundCeiling"",""org.joda.time.chrono.ZonedChronology.ZonedDateTimeField#roundFloor"",""org.joda.time.chrono.ZonedChronology.ZonedDateTimeField#set"",""org.joda.time.field.LenientDateTimeField#set""]"
Time,27,"[""org.joda.time.format.PeriodFormatterBuilder#toFormatter""]"
