Project,Bug ID,tarantula_rank,tarantula_exam,tarantula_top_1,tarantula_top_3,tarantula_top_5,ochiai_rank,ochiai_exam,ochiai_top_1,ochiai_top_3,ochiai_top_5,dstar_rank,dstar_exam,dstar_top_1,dstar_top_3,dstar_top_5,tarantula_gc_rank,tarantula_gc_exam,tarantula_gc_top_1,tarantula_gc_top_3,tarantula_gc_top_5,ochiai_gc_rank,ochiai_gc_exam,ochiai_gc_top_1,ochiai_gc_top_3,ochiai_gc_top_5,dstar_gc_rank,dstar_gc_exam,dstar_gc_top_1,dstar_gc_top_3,dstar_gc_top_5,tarantula_rank_imp_pct,tarantula_exam_imp_pct,ochiai_rank_imp_pct,ochiai_exam_imp_pct,dstar_rank_imp_pct,dstar_exam_imp_pct
Math,70,1,0.0625,True,True,True,1,0.0625,True,True,True,1,0.0625,True,True,True,1,0.0625,True,True,True,1,0.0625,True,True,True,1,0.0625,True,True,True,0.0,0.0,0.0,0.0,0.0,0.0
Math,60,2,0.0196,False,True,True,2,0.0196,False,True,True,2,0.0196,False,True,True,17,0.1667,False,False,False,18,0.1765,False,False,False,18,0.1765,False,False,False,-750.0,-750.51,-800.0,-800.51,-800.0,-800.51
Chart,17,1,0.0091,True,True,True,1,0.0091,True,True,True,1,0.0091,True,True,True,1,0.0091,True,True,True,1,0.0091,True,True,True,1,0.0091,True,True,True,0.0,0.0,0.0,0.0,0.0,0.0
Compress,45,4,0.1538,False,False,True,4,0.1538,False,False,True,4,0.1538,False,False,True,3,0.1154,False,True,True,4,0.1538,False,False,True,3,0.0962,False,True,True,25.0,24.97,0.0,0.0,25.0,37.45
Chart,9,1,0.0089,True,True,True,1,0.0089,True,True,True,1,0.0089,True,True,True,1,0.0089,True,True,True,1,0.0089,True,True,True,1,0.0089,True,True,True,0.0,0.0,0.0,0.0,0.0,0.0
Compress,37,9,0.075,False,False,False,9,0.075,False,False,False,9,0.075,False,False,False,26,0.2167,False,False,False,28,0.2333,False,False,False,27,0.225,False,False,False,-188.89,-188.93,-211.11,-211.07,-200.0,-200.0
Compress,27,2,0.08,False,True,True,2,0.08,False,True,True,2,0.08,False,True,True,2,0.08,False,True,True,2,0.08,False,True,True,2,0.08,False,True,True,0.0,0.0,0.0,0.0,0.0,0.0
JacksonXml,5,6,0.0714,False,False,False,80,0.8846,False,False,False,80,0.8846,False,False,False,11,0.1209,False,False,False,80,0.8791,False,False,False,78,0.8571,False,False,False,-83.33,-69.33,0.0,0.62,2.5,3.11
JacksonCore,20,1,0.0041,True,True,True,1,0.0041,True,True,True,1,0.0041,True,True,True,1,0.0041,True,True,True,1,0.0041,True,True,True,1,0.0041,True,True,True,0.0,0.0,0.0,0.0,0.0,0.0
Collections,12,1,0.0278,True,True,True,1,0.0278,True,True,True,1,0.0278,True,True,True,1,0.0278,True,True,True,1,0.0278,True,True,True,1,0.0278,True,True,True,0.0,0.0,0.0,0.0,0.0,0.0
JacksonDatabind,19,30,0.0354,False,False,False,406,0.4788,False,False,False,412,0.4858,False,False,False,137,0.1616,False,False,False,180,0.2123,False,False,False,299,0.3526,False,False,False,-356.67,-356.5,55.67,55.66,27.43,27.42
Jsoup,26,21,0.0462,False,False,False,21,0.0462,False,False,False,21,0.0462,False,False,False,150,0.3555,False,False,False,150,0.3555,False,False,False,143,0.3389,False,False,False,-614.29,-669.48,-614.29,-669.48,-580.95,-633.55
Time,19,53,0.0725,False,False,False,53,0.0725,False,False,False,53,0.0725,False,False,False,365,0.4993,False,False,False,365,0.4993,False,False,False,361,0.4938,False,False,False,-588.68,-588.69,-588.68,-588.69,-581.13,-581.1
Gson,18,38,0.1442,False,False,False,38,0.1442,False,False,False,38,0.1442,False,False,False,12,0.0449,False,False,False,117,0.4382,False,False,False,113,0.4232,False,False,False,68.42,68.86,-207.89,-203.88,-197.37,-193.48
JxPath,8,125,0.6018,False,False,False,125,0.6018,False,False,False,125,0.6018,False,False,False,126,0.6491,False,False,False,163,0.7455,False,False,False,123,0.7636,False,False,False,-0.8,-7.86,-30.4,-23.88,1.6,-26.89
Jsoup,54,4,0.0096,False,False,True,4,0.0096,False,False,True,4,0.0096,False,False,True,1,0.0021,True,True,True,1,0.0021,True,True,True,5,0.0107,False,False,True,75.0,78.12,75.0,78.12,-25.0,-11.46
Compress,18,5,0.0409,False,False,True,5,0.0409,False,False,True,5,0.0409,False,False,True,12,0.1091,False,False,False,39,0.3545,False,False,False,41,0.3727,False,False,False,-140.0,-166.75,-680.0,-766.75,-720.0,-811.25
Math,94,1,0.0357,True,True,True,1,0.0357,True,True,True,1,0.0357,True,True,True,1,0.0357,True,True,True,1,0.0357,True,True,True,1,0.0357,True,True,True,0.0,0.0,0.0,0.0,0.0,0.0
Math,84,3,0.0556,False,True,True,3,0.0556,False,True,True,3,0.0556,False,True,True,2,0.0556,False,True,True,2,0.0556,False,True,True,2,0.0556,False,True,True,33.33,0.0,33.33,0.0,33.33,0.0
Mockito,7,10,0.0121,False,False,False,10,0.0121,False,False,False,10,0.0121,False,False,False,5,0.0076,False,False,True,7,0.0106,False,False,False,20,0.0303,False,False,False,50.0,37.19,30.0,12.4,-100.0,-150.41
Jsoup,62,11,0.0151,False,False,False,11,0.0151,False,False,False,11,0.0151,False,False,False,136,0.1951,False,False,False,137,0.1966,False,False,False,136,0.1951,False,False,False,-1136.36,-1192.05,-1145.45,-1201.99,-1136.36,-1192.05
Jsoup,72,12,0.0161,False,False,False,11,0.0147,False,False,False,11,0.0147,False,False,False,57,0.0763,False,False,False,57,0.0763,False,False,False,57,0.0763,False,False,False,-375.0,-373.91,-418.18,-419.05,-418.18,-419.05
Math,69,2,0.0263,False,True,True,2,0.0263,False,True,True,2,0.0263,False,True,True,9,0.1184,False,False,False,24,0.3158,False,False,False,2,0.0263,False,True,True,-350.0,-350.19,-1100.0,-1100.76,0.0,0.0
Math,79,8,0.5333,False,False,False,8,0.5333,False,False,False,8,0.5333,False,False,False,7,0.4667,False,False,False,8,0.5333,False,False,False,8,0.5333,False,False,False,12.5,12.49,0.0,0.0,0.0,0.0
Jsoup,10,92,0.6054,False,False,False,92,0.6054,False,False,False,92,0.6054,False,False,False,97,0.5946,False,False,False,108,0.5649,False,False,False,139,0.7811,False,False,False,-5.43,1.78,-17.39,6.69,-51.09,-29.02
Gson,11,3,0.0078,False,True,True,3,0.0078,False,True,True,3,0.0078,False,True,True,3,0.0117,False,True,True,3,0.0117,False,True,True,3,0.0117,False,True,True,0.0,-50.0,0.0,-50.0,0.0,-50.0
Lang,58,1,0.0455,True,True,True,1,0.0455,True,True,True,2,0.0758,False,True,True,2,0.0606,False,True,True,2,0.0606,False,True,True,13,0.3939,False,False,False,-100.0,-33.19,-100.0,-33.19,-550.0,-419.66
Compress,11,30,0.8514,False,False,False,30,0.8514,False,False,False,30,0.8514,False,False,False,3,0.0811,False,True,True,30,0.8108,False,False,False,32,0.8649,False,False,False,90.0,90.47,0.0,4.77,-6.67,-1.59
JacksonCore,6,4,0.4444,False,False,True,4,0.4444,False,False,True,4,0.4444,False,False,True,3,0.3333,False,True,True,4,0.4444,False,False,True,4,0.4444,False,False,True,25.0,25.0,0.0,0.0,0.0,0.0
Csv,9,2,0.027,False,True,True,2,0.027,False,True,True,2,0.027,False,True,True,6,0.0811,False,False,False,2,0.027,False,True,True,2,0.027,False,True,True,-200.0,-200.37,0.0,0.0,0.0,0.0
Jsoup,86,1,0.0036,True,True,True,1,0.0036,True,True,True,1,0.0036,True,True,True,3,0.0054,False,True,True,3,0.0054,False,True,True,3,0.0054,False,True,True,-200.0,-50.0,-200.0,-50.0,-200.0,-50.0
Math,56,3,0.1026,False,True,True,3,0.1026,False,True,True,3,0.1026,False,True,True,7,0.1795,False,False,False,3,0.0897,False,True,True,2,0.0513,False,True,True,-133.33,-74.95,0.0,12.57,33.33,50.0
Chart,1,8,0.0379,False,False,False,8,0.0379,False,False,False,8,0.0379,False,False,False,14,0.0707,False,False,False,46,0.2323,False,False,False,44,0.2222,False,False,False,-75.0,-86.54,-475.0,-512.93,-450.0,-486.28
Compress,10,28,0.1234,False,False,False,28,0.1234,False,False,False,28,0.1234,False,False,False,91,0.3872,False,False,False,90,0.383,False,False,False,90,0.383,False,False,False,-225.0,-213.78,-221.43,-210.37,-221.43,-210.37
JacksonCore,7,12,0.1173,False,False,False,4,0.0408,False,False,True,4,0.0408,False,False,True,17,0.1735,False,False,False,22,0.2245,False,False,False,30,0.3061,False,False,False,-41.67,-47.91,-450.0,-450.25,-650.0,-650.25
Gson,10,7,0.0431,False,False,False,7,0.0431,False,False,False,7,0.0431,False,False,False,16,0.092,False,False,False,79,0.454,False,False,False,82,0.4713,False,False,False,-128.57,-113.46,-1028.57,-953.36,-1071.43,-993.5
Collections,9,1,0.0278,True,True,True,1,0.0278,True,True,True,1,0.0278,True,True,True,1,0.0278,True,True,True,1,0.0278,True,True,True,1,0.0278,True,True,True,0.0,0.0,0.0,0.0,0.0,0.0
Lang,49,1,0.0357,True,True,True,1,0.0357,True,True,True,1,0.0357,True,True,True,1,0.0357,True,True,True,1,0.0357,True,True,True,1,0.0357,True,True,True,0.0,0.0,0.0,0.0,0.0,0.0
Lang,59,1,0.02,True,True,True,1,0.02,True,True,True,1,0.02,True,True,True,1,0.02,True,True,True,1,0.02,True,True,True,1,0.02,True,True,True,0.0,0.0,0.0,0.0,0.0,0.0
Gson,5,5,0.2381,False,False,True,5,0.2381,False,False,True,5,0.2381,False,False,True,4,0.1905,False,False,True,6,0.2857,False,False,False,1,0.0476,True,True,True,20.0,19.99,-20.0,-19.99,80.0,80.01
Chart,20,1,0.0208,True,True,True,1,0.0208,True,True,True,1,0.0208,True,True,True,1,0.0208,True,True,True,1,0.0208,True,True,True,1,0.0208,True,True,True,0.0,0.0,0.0,0.0,0.0,0.0
Math,57,7,0.1429,False,False,False,7,0.1429,False,False,False,7,0.1429,False,False,False,26,0.619,False,False,False,25,0.5952,False,False,False,18,0.4286,False,False,False,-271.43,-333.17,-257.14,-316.52,-157.14,-199.93
JacksonDatabind,11,13,0.0211,False,False,False,87,0.1415,False,False,False,86,0.1398,False,False,False,149,0.2423,False,False,False,353,0.574,False,False,False,340,0.5528,False,False,False,-1046.15,-1048.34,-305.75,-305.65,-295.35,-295.42
Chart,8,4,0.5263,False,False,True,4,0.5263,False,False,True,4,0.5263,False,False,True,5,0.5263,False,False,True,5,0.5263,False,False,True,5,0.5263,False,False,True,-25.0,0.0,-25.0,0.0,-25.0,0.0
JacksonDatabind,27,6,0.0056,False,False,False,577,0.5438,False,False,False,944,0.879,False,False,False,66,0.0615,False,False,False,856,0.797,False,False,False,932,0.8678,False,False,False,-1000.0,-998.21,-48.35,-46.56,1.27,1.27
Math,61,4,0.0455,False,False,True,4,0.0455,False,False,True,4,0.0455,False,False,True,3,0.039,False,True,True,15,0.1948,False,False,False,14,0.1818,False,False,False,25.0,14.29,-275.0,-328.13,-250.0,-299.56
Time,27,309,0.8042,False,False,False,310,0.8068,False,False,False,310,0.8068,False,False,False,319,0.8329,False,False,False,325,0.8486,False,False,False,326,0.8512,False,False,False,-3.24,-3.57,-4.84,-5.18,-5.16,-5.5
Math,71,36,0.375,False,False,False,49,0.5104,False,False,False,49,0.5104,False,False,False,1,0.0104,True,True,True,57,0.5938,False,False,False,57,0.5938,False,False,False,97.22,97.23,-16.33,-16.34,-16.33,-16.34
Jsoup,18,35,0.061,False,False,False,32,0.0556,False,False,False,26,0.0446,False,False,False,21,0.0383,False,False,False,15,0.0273,False,False,False,27,0.0492,False,False,False,40.0,37.21,53.12,50.9,-3.85,-10.31
JacksonXml,4,1,0.0128,True,True,True,72,0.9231,False,False,False,74,0.9487,False,False,False,1,0.0128,True,True,True,67,0.859,False,False,False,74,0.9487,False,False,False,0.0,0.0,6.94,6.94,0.0,0.0
Compress,36,12,0.0615,False,False,False,12,0.0615,False,False,False,12,0.0615,False,False,False,38,0.1949,False,False,False,45,0.2308,False,False,False,44,0.2256,False,False,False,-216.67,-216.91,-275.0,-275.28,-266.67,-266.83
Jsoup,37,3,0.0062,False,True,True,3,0.0062,False,True,True,3,0.0062,False,True,True,14,0.025,False,False,False,13,0.0241,False,False,False,9,0.016,False,False,False,-366.67,-303.23,-333.33,-288.71,-200.0,-158.06
Time,18,2,0.0027,False,True,True,2,0.0027,False,True,True,2,0.0027,False,True,True,180,0.2387,False,False,False,192,0.2546,False,False,False,176,0.2334,False,False,False,-8900.0,-8740.74,-9500.0,-9329.63,-8700.0,-8544.44
Collections,13,1,0.0278,True,True,True,1,0.0278,True,True,True,1,0.0278,True,True,True,1,0.0278,True,True,True,1,0.0278,True,True,True,1,0.0278,True,True,True,0.0,0.0,0.0,0.0,0.0,0.0
JacksonCore,21,66,0.5414,False,False,False,66,0.5414,False,False,False,66,0.5414,False,False,False,66,0.5497,False,False,False,99,0.6768,False,False,False,66,0.5552,False,False,False,0.0,-1.53,-50.0,-25.01,0.0,-2.55
Compress,19,1,0.0071,True,True,True,1,0.0071,True,True,True,1,0.0071,True,True,True,2,0.0095,False,True,True,1,0.0048,True,True,True,1,0.0048,True,True,True,-100.0,-33.8,0.0,32.39,0.0,32.39
Cli,37,4,0.0703,False,False,True,4,0.0703,False,False,True,4,0.0703,False,False,True,13,0.2031,False,False,False,7,0.1094,False,False,False,5,0.0781,False,False,True,-225.0,-188.9,-75.0,-55.62,-25.0,-11.1
Math,85,13,0.2717,False,False,False,13,0.2717,False,False,False,13,0.2717,False,False,False,8,0.1739,False,False,False,16,0.3478,False,False,False,17,0.3696,False,False,False,38.46,36.0,-23.08,-28.01,-30.77,-36.03
Math,95,3,0.0556,False,True,True,3,0.0556,False,True,True,3,0.0556,False,True,True,1,0.0278,True,True,True,3,0.0833,False,True,True,3,0.0833,False,True,True,66.67,50.0,0.0,-49.82,0.0,-49.82
Codec,9,5,0.1111,False,False,True,5,0.1111,False,False,True,5,0.1111,False,False,True,12,0.2667,False,False,False,12,0.2667,False,False,False,12,0.2667,False,False,False,-140.0,-140.05,-140.0,-140.05,-140.0,-140.05
Jsoup,55,9,0.0228,False,False,False,9,0.0228,False,False,False,9,0.0228,False,False,False,78,0.2091,False,False,False,88,0.2359,False,False,False,83,0.2225,False,False,False,-766.67,-817.11,-877.78,-934.65,-822.22,-875.88
Lang,40,1,0.0526,True,True,True,1,0.0526,True,True,True,1,0.0526,True,True,True,1,0.0526,True,True,True,1,0.0526,True,True,True,1,0.0526,True,True,True,0.0,0.0,0.0,0.0,0.0,0.0
Jsoup,45,32,0.0491,False,False,False,32,0.0491,False,False,False,32,0.0491,False,False,False,45,0.069,False,False,False,49,0.0752,False,False,False,41,0.0629,False,False,False,-40.62,-40.53,-53.12,-53.16,-28.12,-28.11
JacksonCore,15,7,0.0331,False,False,False,7,0.0331,False,False,False,18,0.0939,False,False,False,4,0.0221,False,False,True,159,0.8785,False,False,False,159,0.8785,False,False,False,42.86,33.23,-2171.43,-2554.08,-783.33,-835.57
Chart,3,1,0.0081,True,True,True,1,0.0081,True,True,True,1,0.0081,True,True,True,1,0.0081,True,True,True,1,0.0081,True,True,True,1,0.0081,True,True,True,0.0,0.0,0.0,0.0,0.0,0.0
Mockito,18,1,0.0041,True,True,True,1,0.0041,True,True,True,1,0.0041,True,True,True,1,0.0041,True,True,True,1,0.0041,True,True,True,1,0.0041,True,True,True,0.0,0.0,0.0,0.0,0.0,0.0
Jsoup,13,117,0.5292,False,False,False,117,0.5292,False,False,False,117,0.5292,False,False,False,188,0.4449,False,False,False,301,0.9989,False,False,False,293,0.6501,False,False,False,-60.68,15.93,-157.26,-88.76,-150.43,-22.85
Jsoup,5,21,0.0964,False,False,False,63,0.2848,False,False,False,64,0.2892,False,False,False,12,0.0583,False,False,False,77,0.3453,False,False,False,120,0.5381,False,False,False,42.86,39.52,-22.22,-21.24,-87.5,-86.07
Jsoup,61,1,0.0018,True,True,True,1,0.0018,True,True,True,1,0.0018,True,True,True,1,0.0018,True,True,True,1,0.0018,True,True,True,1,0.0018,True,True,True,0.0,0.0,0.0,0.0,0.0,0.0
Csv,15,4,0.0325,False,False,True,4,0.0325,False,False,True,4,0.0325,False,False,True,35,0.2846,False,False,False,35,0.2846,False,False,False,35,0.2846,False,False,False,-775.0,-775.69,-775.0,-775.69,-775.0,-775.69
Jsoup,85,2,0.0328,False,True,True,2,0.0328,False,True,True,2,0.0328,False,True,True,2,0.0328,False,True,True,2,0.0328,False,True,True,2,0.0328,False,True,True,0.0,0.0,0.0,0.0,0.0,0.0
JacksonCore,5,4,0.4444,False,False,True,4,0.4444,False,False,True,4,0.4444,False,False,True,3,0.3333,False,True,True,3,0.2778,False,True,True,3,0.3333,False,True,True,25.0,25.0,25.0,37.49,25.0,25.0
JacksonDatabind,1,6,0.0123,False,False,False,564,0.8681,False,False,False,612,0.9417,False,False,False,237,0.3635,False,False,False,585,0.8972,False,False,False,631,0.9678,False,False,False,-3850.0,-2855.28,-3.72,-3.35,-3.1,-2.77
Codec,18,2,0.1053,False,True,True,2,0.1053,False,True,True,2,0.1053,False,True,True,2,0.1053,False,True,True,2,0.1053,False,True,True,2,0.0789,False,True,True,0.0,0.0,0.0,0.0,0.0,25.07
Compress,12,5,0.097,False,False,True,5,0.097,False,False,True,5,0.097,False,False,True,20,0.2985,False,False,False,20,0.2985,False,False,False,20,0.2985,False,False,False,-300.0,-207.73,-300.0,-207.73,-300.0,-207.73
Codec,2,6,0.3333,False,False,False,6,0.3333,False,False,False,6,0.3333,False,False,False,12,0.6667,False,False,False,12,0.6667,False,False,False,12,0.6667,False,False,False,-100.0,-100.03,-100.0,-100.03,-100.0,-100.03
Gson,12,4,0.129,False,False,True,2,0.0645,False,True,True,2,0.0645,False,True,True,3,0.0968,False,True,True,3,0.0806,False,True,True,2,0.0645,False,True,True,25.0,24.96,-50.0,-24.96,0.0,0.0
Jsoup,78,49,0.0852,False,False,False,49,0.0852,False,False,False,49,0.0852,False,False,False,63,0.1096,False,False,False,150,0.2609,False,False,False,156,0.2713,False,False,False,-28.57,-28.64,-206.12,-206.22,-218.37,-218.43
Jsoup,68,20,0.0253,False,False,False,20,0.0253,False,False,False,20,0.0253,False,False,False,107,0.1425,False,False,False,107,0.1425,False,False,False,107,0.1425,False,False,False,-435.0,-463.24,-435.0,-463.24,-435.0,-463.24
Compress,34,1,0.0136,True,True,True,1,0.0136,True,True,True,1,0.0136,True,True,True,2,0.0182,False,True,True,2,0.0182,False,True,True,5,0.0455,False,False,True,-100.0,-33.82,-100.0,-33.82,-400.0,-234.56
Compress,24,2,0.08,False,True,True,2,0.08,False,True,True,2,0.08,False,True,True,2,0.08,False,True,True,2,0.08,False,True,True,2,0.08,False,True,True,0.0,0.0,0.0,0.0,0.0,0.0
Compress,46,3,0.0086,False,True,True,3,0.0086,False,True,True,3,0.0086,False,True,True,3,0.0129,False,True,True,3,0.0129,False,True,True,3,0.0129,False,True,True,0.0,-50.0,0.0,-50.0,0.0,-50.0
JxPath,15,208,0.5588,False,False,False,208,0.5588,False,False,False,208,0.5588,False,False,False,387,0.6863,False,False,False,323,0.4692,False,False,False,183,0.3333,False,False,False,-86.06,-22.82,-55.29,16.03,12.02,40.35
Math,73,1,0.0323,True,True,True,1,0.0323,True,True,True,1,0.0323,True,True,True,1,0.0323,True,True,True,1,0.0323,True,True,True,1,0.0323,True,True,True,0.0,0.0,0.0,0.0,0.0,0.0
Time,25,95,0.1459,False,False,False,71,0.1091,False,False,False,71,0.1091,False,False,False,413,0.6344,False,False,False,412,0.6329,False,False,False,410,0.6298,False,False,False,-334.74,-334.82,-480.28,-480.11,-477.46,-477.27
Math,63,1,0.0146,True,True,True,1,0.0146,True,True,True,1,0.0146,True,True,True,1,0.0146,True,True,True,1,0.0146,True,True,True,61,0.4757,False,False,False,0.0,0.0,0.0,0.0,-6000.0,-3158.22
Math,97,2,0.1111,False,True,True,2,0.1111,False,True,True,2,0.1111,False,True,True,5,0.3333,False,False,True,7,0.3889,False,False,False,7,0.3889,False,False,False,-150.0,-200.0,-250.0,-250.05,-250.0,-250.05
Csv,3,1,0.0118,True,True,True,1,0.0118,True,True,True,1,0.0118,True,True,True,1,0.0118,True,True,True,1,0.0118,True,True,True,1,0.0118,True,True,True,0.0,0.0,0.0,0.0,0.0,0.0
Math,87,25,0.3397,False,False,False,25,0.3397,False,False,False,25,0.3397,False,False,False,7,0.0897,False,False,False,19,0.2436,False,False,False,59,0.7692,False,False,False,72.0,73.59,24.0,28.29,-136.0,-126.44
Cli,35,17,0.1441,False,False,False,17,0.1441,False,False,False,17,0.1441,False,False,False,24,0.2034,False,False,False,24,0.2034,False,False,False,22,0.1864,False,False,False,-41.18,-41.15,-41.18,-41.15,-29.41,-29.35
JacksonDatabind,8,398,0.3793,False,False,False,636,0.6064,False,False,False,627,0.5978,False,False,False,317,0.3025,False,False,False,530,0.5057,False,False,False,520,0.4962,False,False,False,20.35,20.25,16.67,16.61,17.07,17.0
Jsoup,47,24,0.0681,False,False,False,24,0.0681,False,False,False,24,0.0681,False,False,False,62,0.1722,False,False,False,195,0.5417,False,False,False,201,0.5583,False,False,False,-158.33,-152.86,-712.5,-695.45,-737.5,-719.82
Lang,42,16,0.2963,False,False,False,17,0.3148,False,False,False,17,0.3148,False,False,False,20,0.3704,False,False,False,23,0.4259,False,False,False,20,0.3704,False,False,False,-25.0,-25.01,-35.29,-35.29,-17.65,-17.66
Lang,52,16,0.3438,False,False,False,16,0.3438,False,False,False,17,0.3646,False,False,False,18,0.3854,False,False,False,19,0.3958,False,False,False,19,0.3958,False,False,False,-12.5,-12.1,-18.75,-15.13,-11.76,-8.56
Jsoup,57,1,0.0024,True,True,True,1,0.0024,True,True,True,1,0.0024,True,True,True,1,0.0016,True,True,True,1,0.0024,True,True,True,1,0.0016,True,True,True,0.0,33.33,0.0,0.0,0.0,33.33
Jsoup,35,128,0.2137,False,False,False,128,0.2137,False,False,False,128,0.2137,False,False,False,196,0.3272,False,False,False,196,0.3272,False,False,False,196,0.3272,False,False,False,-53.12,-53.11,-53.12,-53.11,-53.12,-53.11
JacksonCore,23,143,0.5469,False,False,False,143,0.5469,False,False,False,143,0.5469,False,False,False,143,0.55,False,False,False,77,0.3312,False,False,False,143,0.5563,False,False,False,0.0,-0.57,46.15,39.44,0.0,-1.72
Compress,25,28,0.1335,False,False,False,28,0.1335,False,False,False,28,0.1335,False,False,False,35,0.1699,False,False,False,52,0.2524,False,False,False,48,0.233,False,False,False,-25.0,-27.27,-85.71,-89.06,-71.43,-74.53
Jsoup,79,1,0.0025,True,True,True,1,0.0025,True,True,True,1,0.0025,True,True,True,1,0.0025,True,True,True,1,0.0025,True,True,True,1,0.0025,True,True,True,0.0,0.0,0.0,0.0,0.0,0.0
Time,24,32,0.0417,False,False,False,8,0.0109,False,False,False,6,0.0083,False,False,False,561,0.7192,False,False,False,563,0.7218,False,False,False,566,0.7256,False,False,False,-1653.12,-1624.7,-6937.5,-6522.02,-9333.33,-8642.17
Math,72,6,0.1774,False,False,False,6,0.1774,False,False,False,6,0.1774,False,False,False,11,0.3548,False,False,False,11,0.3548,False,False,False,11,0.3548,False,False,False,-83.33,-100.0,-83.33,-100.0,-83.33,-100.0
JacksonDatabind,24,9,0.0096,False,False,False,694,0.7872,False,False,False,765,0.8678,False,False,False,12,0.0136,False,False,False,741,0.8411,False,False,False,405,0.4597,False,False,False,-33.33,-41.67,-6.77,-6.85,47.06,47.03
Collections,3,1,0.0091,True,True,True,3,0.0273,False,True,True,3,0.0273,False,True,True,1,0.0091,True,True,True,3,0.0273,False,True,True,3,0.0273,False,True,True,0.0,0.0,0.0,0.0,0.0,0.0
Lang,53,2,0.069,False,True,True,2,0.069,False,True,True,2,0.069,False,True,True,9,0.3103,False,False,False,9,0.3103,False,False,False,9,0.3103,False,False,False,-350.0,-349.71,-350.0,-349.71,-350.0,-349.71
Lang,43,1,0.0385,True,True,True,1,0.0385,True,True,True,1,0.0385,True,True,True,1,0.0385,True,True,True,1,0.0385,True,True,True,1,0.0385,True,True,True,0.0,0.0,0.0,0.0,0.0,0.0
Jsoup,46,82,0.1346,False,False,False,82,0.1346,False,False,False,82,0.1346,False,False,False,136,0.2219,False,False,False,184,0.3002,False,False,False,204,0.3328,False,False,False,-65.85,-64.86,-124.39,-123.03,-148.78,-147.25
JacksonDatabind,9,273,0.3872,False,False,False,613,0.8695,False,False,False,613,0.8695,False,False,False,624,0.8851,False,False,False,620,0.8794,False,False,False,384,0.5447,False,False,False,-128.57,-128.59,-1.14,-1.14,37.36,37.35
Codec,10,2,0.4,False,True,True,2,0.4,False,True,True,2,0.4,False,True,True,2,0.4,False,True,True,2,0.4,False,True,True,2,0.4,False,True,True,0.0,0.0,0.0,0.0,0.0,0.0
Math,86,3,0.0972,False,True,True,2,0.0417,False,True,True,2,0.0417,False,True,True,2,0.0556,False,True,True,2,0.0556,False,True,True,2,0.0556,False,True,True,33.33,42.8,0.0,-33.33,0.0,-33.33
Math,96,3,0.0882,False,True,True,3,0.0882,False,True,True,3,0.0882,False,True,True,3,0.0882,False,True,True,3,0.0882,False,True,True,3,0.0882,False,True,True,0.0,0.0,0.0,0.0,0.0,0.0
Jsoup,34,3,0.005,False,True,True,2,0.0033,False,True,True,2,0.0033,False,True,True,3,0.005,False,True,True,3,0.005,False,True,True,3,0.0042,False,True,True,0.0,0.0,-50.0,-51.52,-50.0,-27.27
Jsoup,24,453,0.5418,False,False,False,453,0.5418,False,False,False,453,0.5418,False,False,False,500,0.8772,False,False,False,193,0.2596,False,False,False,458,0.2352,False,False,False,-10.38,-61.9,57.4,52.09,-1.1,56.59
Jsoup,70,18,0.0248,False,False,False,18,0.0248,False,False,False,18,0.0248,False,False,False,74,0.0991,False,False,False,85,0.1138,False,False,False,95,0.1272,False,False,False,-311.11,-299.6,-372.22,-358.87,-427.78,-412.9
Lang,65,2,0.069,False,True,True,2,0.069,False,True,True,2,0.069,False,True,True,9,0.3103,False,False,False,9,0.3103,False,False,False,9,0.3103,False,False,False,-350.0,-349.71,-350.0,-349.71,-350.0,-349.71
Jsoup,84,5,0.0078,False,False,True,5,0.0078,False,False,True,5,0.0078,False,False,True,48,0.0939,False,False,False,83,0.1624,False,False,False,68,0.1331,False,False,False,-860.0,-1103.85,-1560.0,-1982.05,-1260.0,-1606.41
JacksonDatabind,12,858,0.9046,False,False,False,855,0.9015,False,False,False,835,0.8804,False,False,False,812,0.8556,False,False,False,820,0.8641,False,False,False,353,0.372,False,False,False,5.36,5.42,4.09,4.15,57.72,57.75
Collections,19,10,0.1532,False,False,False,10,0.1532,False,False,False,10,0.1532,False,False,False,11,0.1774,False,False,False,12,0.1935,False,False,False,14,0.2258,False,False,False,-10.0,-15.8,-20.0,-26.31,-40.0,-47.39
Csv,14,2,0.0169,False,True,True,2,0.0169,False,True,True,2,0.0169,False,True,True,28,0.2373,False,False,False,29,0.2458,False,False,False,30,0.2542,False,False,False,-1300.0,-1304.14,-1350.0,-1354.44,-1400.0,-1404.14
Gson,6,1,0.0105,True,True,True,1,0.0105,True,True,True,1,0.0105,True,True,True,1,0.0105,True,True,True,1,0.0105,True,True,True,1,0.0105,True,True,True,0.0,0.0,0.0,0.0,0.0,0.0
Codec,3,3,0.051,False,True,True,3,0.051,False,True,True,3,0.051,False,True,True,23,0.4592,False,False,False,28,0.5714,False,False,False,28,0.5714,False,False,False,-666.67,-800.39,-833.33,-1020.39,-833.33,-1020.39
Gson,13,2,0.0571,False,True,True,2,0.0571,False,True,True,2,0.0571,False,True,True,5,0.1429,False,False,True,5,0.1429,False,False,True,5,0.1429,False,False,True,-150.0,-150.26,-150.0,-150.26,-150.0,-150.26
Compress,13,81,0.497,False,False,False,78,0.4787,False,False,False,78,0.4787,False,False,False,32,0.1951,False,False,False,62,0.378,False,False,False,61,0.372,False,False,False,60.49,60.74,20.51,21.04,21.79,22.29
Jsoup,81,43,0.0872,False,False,False,43,0.0872,False,False,False,43,0.0872,False,False,False,189,0.3834,False,False,False,293,0.5943,False,False,False,289,0.5862,False,False,False,-339.53,-339.68,-581.4,-581.54,-572.09,-572.25
JacksonDatabind,17,35,0.0959,False,False,False,318,0.8712,False,False,False,317,0.8685,False,False,False,123,0.337,False,False,False,211,0.5781,False,False,False,245,0.6712,False,False,False,-251.43,-251.41,33.65,33.64,22.71,22.72
Jsoup,38,81,0.1313,False,False,False,81,0.1313,False,False,False,81,0.1313,False,False,False,149,0.2415,False,False,False,149,0.2415,False,False,False,149,0.2415,False,False,False,-83.95,-83.93,-83.95,-83.93,-83.95,-83.93
Chart,26,82,0.1814,False,False,False,46,0.1151,False,False,False,46,0.1151,False,False,False,37,0.0681,False,False,False,38,0.07,False,False,False,467,0.86,False,False,False,54.88,62.46,17.39,39.18,-915.22,-647.18
Math,51,16,0.2237,False,False,False,16,0.2237,False,False,False,16,0.2237,False,False,False,2,0.0263,False,True,True,50,0.6579,False,False,False,56,0.7368,False,False,False,87.5,88.24,-212.5,-194.1,-250.0,-229.37
Csv,11,10,0.0969,False,False,False,10,0.0969,False,False,False,10,0.0969,False,False,False,39,0.398,False,False,False,38,0.3878,False,False,False,39,0.398,False,False,False,-290.0,-310.73,-280.0,-300.21,-290.0,-310.73
Time,17,3,0.0027,False,True,True,3,0.0027,False,True,True,3,0.0027,False,True,True,1,0.0014,True,True,True,1,0.0014,True,True,True,1,0.0014,True,True,True,66.67,48.15,66.67,48.15,66.67,48.15
Math,41,2,0.0291,False,True,True,2,0.0291,False,True,True,2,0.0291,False,True,True,4,0.0465,False,False,True,2,0.0233,False,True,True,2,0.0233,False,True,True,-100.0,-59.79,0.0,19.93,0.0,19.93
Gson,16,29,0.228,False,False,False,29,0.228,False,False,False,29,0.228,False,False,False,61,0.504,False,False,False,74,0.592,False,False,False,74,0.592,False,False,False,-110.34,-121.05,-155.17,-159.65,-155.17,-159.65
Codec,6,4,0.1379,False,False,True,4,0.1379,False,False,True,4,0.1379,False,False,True,14,0.4655,False,False,False,14,0.4828,False,False,False,14,0.4828,False,False,False,-250.0,-237.56,-250.0,-250.11,-250.0,-250.11
Compress,16,34,0.7,False,False,False,34,0.7,False,False,False,34,0.7,False,False,False,3,0.06,False,True,True,45,0.9,False,False,False,49,0.98,False,False,False,91.18,91.43,-32.35,-28.57,-44.12,-40.0
JacksonDatabind,5,72,0.2066,False,False,False,336,0.9697,False,False,False,336,0.9697,False,False,False,17,0.0491,False,False,False,328,0.948,False,False,False,334,0.9653,False,False,False,76.39,76.23,2.38,2.24,0.6,0.45
Cli,38,3,0.0522,False,True,True,3,0.0522,False,True,True,3,0.0522,False,True,True,11,0.1642,False,False,False,3,0.0448,False,True,True,3,0.0448,False,True,True,-266.67,-214.56,0.0,14.18,0.0,14.18
Jsoup,1,48,0.3957,False,False,False,48,0.3957,False,False,False,48,0.3957,False,False,False,31,0.1902,False,False,False,28,0.1718,False,False,False,28,0.1718,False,False,False,35.42,51.93,41.67,56.58,41.67,56.58
JxPath,18,144,0.5595,False,False,False,144,0.5595,False,False,False,144,0.5595,False,False,False,89,0.1415,False,False,False,103,0.1849,False,False,False,687,0.9797,False,False,False,38.19,74.71,28.47,66.95,-377.08,-75.1
Chart,7,6,0.06,False,False,False,6,0.06,False,False,False,6,0.06,False,False,False,1,0.0133,True,True,True,8,0.1,False,False,False,17,0.22,False,False,False,83.33,77.83,-33.33,-66.67,-183.33,-266.67
JacksonDatabind,28,4,0.0052,False,False,True,625,0.8106,False,False,False,643,0.834,False,False,False,231,0.2996,False,False,False,465,0.6031,False,False,False,572,0.7419,False,False,False,-5675.0,-5661.54,25.6,25.6,11.04,11.04
JacksonCore,11,22,0.1313,False,False,False,22,0.1313,False,False,False,22,0.1313,False,False,False,74,0.4625,False,False,False,54,0.3375,False,False,False,52,0.325,False,False,False,-236.36,-252.25,-145.45,-157.04,-136.36,-147.52
Jsoup,75,20,0.0264,False,False,False,20,0.0264,False,False,False,20,0.0264,False,False,False,51,0.0674,False,False,False,69,0.0911,False,False,False,67,0.0885,False,False,False,-155.0,-155.3,-245.0,-245.08,-235.0,-235.23
Collections,6,1,0.0063,True,True,True,1,0.0063,True,True,True,1,0.0063,True,True,True,1,0.0063,True,True,True,1,0.0063,True,True,True,1,0.0063,True,True,True,0.0,0.0,0.0,0.0,0.0,0.0
Jsoup,43,5,0.0082,False,False,True,4,0.0066,False,False,True,4,0.0066,False,False,True,6,0.0099,False,False,False,18,0.0296,False,False,False,23,0.0378,False,False,False,-20.0,-20.73,-350.0,-348.48,-475.0,-472.73
Jsoup,53,7,0.0142,False,False,False,7,0.0142,False,False,False,7,0.0142,False,False,False,150,0.3036,False,False,False,145,0.2935,False,False,False,143,0.2895,False,False,False,-2042.86,-2038.03,-1971.43,-1966.9,-1942.86,-1938.73
Codec,15,2,0.25,False,True,True,2,0.25,False,True,True,2,0.25,False,True,True,2,0.1667,False,True,True,2,0.1667,False,True,True,2,0.25,False,True,True,0.0,33.32,0.0,33.32,0.0,0.0
Csv,7,8,0.0789,False,False,False,8,0.0789,False,False,False,8,0.0789,False,False,False,15,0.1579,False,False,False,33,0.3474,False,False,False,34,0.3579,False,False,False,-87.5,-100.13,-312.5,-340.3,-325.0,-353.61
Collections,15,9,0.1604,False,False,False,9,0.1604,False,False,False,9,0.1604,False,False,False,12,0.2264,False,False,False,12,0.2264,False,False,False,12,0.2264,False,False,False,-33.33,-41.15,-33.33,-41.15,-33.33,-41.15
Math,48,16,0.2237,False,False,False,16,0.2237,False,False,False,16,0.2237,False,False,False,2,0.0263,False,True,True,50,0.6579,False,False,False,56,0.7368,False,False,False,87.5,88.24,-212.5,-194.1,-250.0,-229.37
Math,58,13,0.1289,False,False,False,13,0.1289,False,False,False,13,0.1289,False,False,False,19,0.1959,False,False,False,18,0.1856,False,False,False,41,0.4227,False,False,False,-46.15,-51.98,-38.46,-43.99,-215.38,-227.93
Mockito,9,10,0.0136,False,False,False,9,0.0122,False,False,False,9,0.0122,False,False,False,45,0.0611,False,False,False,86,0.1167,False,False,False,29,0.0393,False,False,False,-350.0,-349.26,-855.56,-856.56,-222.22,-222.13
Compress,30,7,0.1061,False,False,False,7,0.1061,False,False,False,7,0.1061,False,False,False,27,0.4091,False,False,False,64,0.9697,False,False,False,63,0.9545,False,False,False,-285.71,-285.58,-814.29,-813.95,-800.0,-799.62
Jsoup,8,186,0.5891,False,False,False,186,0.5891,False,False,False,186,0.5891,False,False,False,124,0.4745,False,False,False,189,0.5218,False,False,False,154,0.4818,False,False,False,33.33,19.45,-1.61,11.42,17.2,18.21
Compress,42,1,0.0056,True,True,True,87,0.4888,False,False,False,88,0.4944,False,False,False,1,0.0056,True,True,True,62,0.3483,False,False,False,68,0.382,False,False,False,0.0,0.0,28.74,28.74,22.73,22.73
Math,82,16,0.1667,False,False,False,16,0.1667,False,False,False,16,0.1667,False,False,False,6,0.0741,False,False,False,17,0.2037,False,False,False,70,0.8642,False,False,False,62.5,55.55,-6.25,-22.2,-337.5,-418.42
Csv,6,2,0.0274,False,True,True,2,0.0274,False,True,True,2,0.0274,False,True,True,4,0.0548,False,False,True,2,0.0274,False,True,True,2,0.0274,False,True,True,-100.0,-100.0,0.0,0.0,0.0,0.0
Jsoup,42,1,0.0037,True,True,True,1,0.0037,True,True,True,1,0.0037,True,True,True,1,0.0024,True,True,True,2,0.0049,False,True,True,2,0.0049,False,True,True,0.0,35.14,-100.0,-32.43,-100.0,-32.43
Jsoup,20,1,0.0277,True,True,True,22,0.087,False,False,False,24,0.0949,False,False,False,11,0.0435,False,False,False,25,0.0988,False,False,False,25,0.0988,False,False,False,-1000.0,-57.04,-13.64,-13.56,-4.17,-4.11
Math,59,47,0.331,False,False,False,47,0.331,False,False,False,47,0.331,False,False,False,6,0.0423,False,False,False,6,0.0423,False,False,False,6,0.0423,False,False,False,87.23,87.22,87.23,87.22,87.23,87.22
Collections,14,2,0.0194,False,True,True,2,0.0194,False,True,True,2,0.0194,False,True,True,10,0.0971,False,False,False,10,0.0971,False,False,False,10,0.0971,False,False,False,-400.0,-400.52,-400.0,-400.52,-400.0,-400.52
JacksonXml,3,1,0.0385,True,True,True,24,0.9231,False,False,False,24,0.9231,False,False,False,1,0.0385,True,True,True,21,0.8077,False,False,False,24,0.9231,False,False,False,0.0,0.0,12.5,12.5,0.0,0.0
Mockito,8,15,0.3889,False,False,False,15,0.3889,False,False,False,15,0.3889,False,False,False,14,0.3889,False,False,False,12,0.3472,False,False,False,13,0.3611,False,False,False,6.67,0.0,20.0,10.72,13.33,7.15
Compress,21,4,0.0238,False,False,True,4,0.0238,False,False,True,4,0.0238,False,False,True,15,0.119,False,False,False,8,0.0635,False,False,False,63,0.5,False,False,False,-275.0,-400.0,-100.0,-166.81,-1475.0,-2000.84
Compress,31,2,0.08,False,True,True,2,0.08,False,True,True,2,0.08,False,True,True,5,0.2,False,False,True,2,0.08,False,True,True,2,0.08,False,True,True,-150.0,-150.0,0.0,0.0,0.0,0.0
JxPath,10,143,0.5626,False,False,False,143,0.5626,False,False,False,143,0.5626,False,False,False,119,0.2897,False,False,False,83,0.2517,False,False,False,227,0.6678,False,False,False,16.78,48.51,41.96,55.26,-58.74,-18.7
Time,20,3,0.0066,False,True,True,3,0.0066,False,True,True,3,0.0066,False,True,True,9,0.017,False,False,False,11,0.0208,False,False,False,11,0.0208,False,False,False,-200.0,-157.58,-266.67,-215.15,-266.67,-215.15
Chart,11,1,0.1429,True,True,True,1,0.1429,True,True,True,1,0.1429,True,True,True,1,0.1429,True,True,True,1,0.1429,True,True,True,1,0.1429,True,True,True,0.0,0.0,0.0,0.0,0.0,0.0
Jsoup,29,3,0.0087,False,True,True,3,0.0087,False,True,True,3,0.0087,False,True,True,2,0.005,False,True,True,19,0.0471,False,False,False,21,0.0521,False,False,False,33.33,42.53,-533.33,-441.38,-600.0,-498.85
Gson,2,28,0.0747,False,False,False,28,0.0747,False,False,False,28,0.0747,False,False,False,34,0.0907,False,False,False,31,0.0827,False,False,False,31,0.0827,False,False,False,-21.43,-21.42,-10.71,-10.71,-10.71,-10.71
Jsoup,39,3,0.0092,False,True,True,3,0.0092,False,True,True,3,0.0092,False,True,True,106,0.3242,False,False,False,79,0.2416,False,False,False,48,0.1468,False,False,False,-3433.33,-3423.91,-2533.33,-2526.09,-1500.0,-1495.65
Closure,2,1,0.0004,True,True,True,1,0.0004,True,True,True,1,0.0004,True,True,True,73,0.029,False,False,False,24,0.0095,False,False,False,1,0.0004,True,True,True,-7200.0,-7150.0,-2300.0,-2275.0,0.0,0.0
Math,40,15,0.1471,False,False,False,15,0.1471,False,False,False,15,0.1471,False,False,False,2,0.0196,False,True,True,48,0.4706,False,False,False,48,0.4706,False,False,False,86.67,86.68,-220.0,-219.92,-220.0,-219.92
Time,16,1,0.0013,True,True,True,1,0.0013,True,True,True,1,0.0013,True,True,True,437,0.5525,False,False,False,455,0.5752,False,False,False,454,0.574,False,False,False,-43600.0,-42400.0,-45400.0,-44146.15,-45300.0,-44053.85
Csv,10,8,0.086,False,False,False,8,0.086,False,False,False,8,0.086,False,False,False,21,0.2258,False,False,False,21,0.2258,False,False,False,20,0.2151,False,False,False,-162.5,-162.56,-162.5,-162.56,-150.0,-150.12
Math,50,4,0.0781,False,False,True,4,0.0781,False,False,True,4,0.0781,False,False,True,2,0.0312,False,True,True,33,0.5156,False,False,False,35,0.5469,False,False,False,50.0,60.05,-725.0,-560.18,-775.0,-600.26
JacksonDatabind,16,147,0.3018,False,False,False,83,0.1704,False,False,False,83,0.1704,False,False,False,181,0.3717,False,False,False,323,0.6632,False,False,False,258,0.5298,False,False,False,-23.13,-23.16,-289.16,-289.2,-210.84,-210.92
Jsoup,90,7,0.0446,False,False,False,7,0.0446,False,False,False,7,0.0446,False,False,False,3,0.0268,False,True,True,4,0.0312,False,False,True,4,0.0312,False,False,True,57.14,39.91,42.86,30.04,42.86,30.04
Jsoup,80,1,0.0019,True,True,True,1,0.0019,True,True,True,1,0.0019,True,True,True,1,0.0019,True,True,True,1,0.0019,True,True,True,1,0.0019,True,True,True,0.0,0.0,0.0,0.0,0.0,0.0
Compress,17,17,0.3431,False,False,False,17,0.3431,False,False,False,17,0.3431,False,False,False,20,0.402,False,False,False,17,0.3333,False,False,False,12,0.2353,False,False,False,-17.65,-17.17,0.0,2.86,29.41,31.42
Gson,17,3,0.0857,False,True,True,3,0.0857,False,True,True,3,0.0857,False,True,True,4,0.1143,False,False,True,11,0.3143,False,False,False,13,0.3714,False,False,False,-33.33,-33.37,-266.67,-266.74,-333.33,-333.37
Codec,7,2,0.0444,False,True,True,1,0.0333,True,True,True,1,0.0222,True,True,True,4,0.0889,False,False,True,2,0.0444,False,True,True,1,0.0222,True,True,True,-100.0,-100.23,-100.0,-33.33,0.0,0.0
Chart,6,11,0.4783,False,False,False,7,0.3043,False,False,False,7,0.3043,False,False,False,15,0.6522,False,False,False,6,0.2609,False,False,False,5,0.2174,False,False,True,-36.36,-36.36,14.29,14.26,28.57,28.56
Jsoup,64,1,0.004,True,True,True,1,0.004,True,True,True,1,0.004,True,True,True,4,0.0054,False,False,True,4,0.0054,False,False,True,4,0.0054,False,False,True,-300.0,-35.0,-300.0,-35.0,-300.0,-35.0
Lang,61,4,0.0357,False,False,True,4,0.0357,False,False,True,1,0.0089,True,True,True,5,0.0446,False,False,True,4,0.0357,False,False,True,1,0.0089,True,True,True,-25.0,-24.93,0.0,0.0,0.0,0.0
Mockito,1,7,0.0178,False,False,False,5,0.0127,False,False,True,5,0.0127,False,False,True,139,0.3537,False,False,False,151,0.3842,False,False,False,128,0.3257,False,False,False,-1885.71,-1887.08,-2920.0,-2925.2,-2460.0,-2464.57
Compress,38,36,0.2951,False,False,False,36,0.2951,False,False,False,36,0.2951,False,False,False,40,0.3279,False,False,False,42,0.3443,False,False,False,45,0.3689,False,False,False,-11.11,-11.11,-16.67,-16.67,-25.0,-25.01
Compress,28,3,0.0238,False,True,True,3,0.0238,False,True,True,3,0.0238,False,True,True,20,0.1905,False,False,False,36,0.3429,False,False,False,36,0.3429,False,False,False,-566.67,-700.42,-1100.0,-1340.76,-1100.0,-1340.76
Jsoup,32,3,0.0065,False,True,True,3,0.0065,False,True,True,3,0.0065,False,True,True,6,0.0112,False,False,False,13,0.0242,False,False,False,12,0.0223,False,False,False,-100.0,-72.31,-333.33,-272.31,-300.0,-243.08
Collections,16,2,0.0273,False,True,True,8,0.1364,False,False,False,8,0.1364,False,False,False,2,0.0364,False,True,True,5,0.0909,False,False,True,7,0.1273,False,False,False,0.0,-33.33,37.5,33.36,12.5,6.67
Cli,40,1,0.1,True,True,True,1,0.1,True,True,True,1,0.1,True,True,True,1,0.1,True,True,True,1,0.1,True,True,True,1,0.1,True,True,True,0.0,0.0,0.0,0.0,0.0,0.0
Math,80,12,0.1018,False,False,False,12,0.1018,False,False,False,12,0.1018,False,False,False,7,0.0619,False,False,False,30,0.2611,False,False,False,35,0.3097,False,False,False,41.67,39.19,-150.0,-156.48,-191.67,-204.22
Collections,5,7,0.1321,False,False,False,7,0.1321,False,False,False,7,0.1321,False,False,False,13,0.2453,False,False,False,13,0.2453,False,False,False,13,0.2453,False,False,False,-85.71,-85.69,-85.71,-85.69,-85.71,-85.69
Jsoup,40,1,0.0016,True,True,True,1,0.0016,True,True,True,1,0.0016,True,True,True,1,0.0016,True,True,True,1,0.0016,True,True,True,1,0.0016,True,True,True,0.0,0.0,0.0,0.0,0.0,0.0
Lang,45,1,0.0476,True,True,True,1,0.0476,True,True,True,1,0.0476,True,True,True,1,0.0476,True,True,True,1,0.0476,True,True,True,1,0.0476,True,True,True,0.0,0.0,0.0,0.0,0.0,0.0
Jsoup,50,7,0.0184,False,False,False,7,0.0184,False,False,False,7,0.0184,False,False,False,39,0.0956,False,False,False,95,0.2328,False,False,False,94,0.2304,False,False,False,-457.14,-419.57,-1257.14,-1165.22,-1242.86,-1152.17
Math,39,10,0.061,False,False,False,10,0.061,False,False,False,10,0.061,False,False,False,6,0.0366,False,False,False,71,0.4329,False,False,False,72,0.439,False,False,False,40.0,40.0,-610.0,-609.67,-620.0,-619.67
Compress,41,69,0.2583,False,False,False,64,0.2399,False,False,False,63,0.2362,False,False,False,127,0.4686,False,False,False,127,0.4686,False,False,False,127,0.4686,False,False,False,-84.06,-81.42,-98.44,-95.33,-101.59,-98.39
Chart,13,1,0.0234,True,True,True,1,0.0234,True,True,True,1,0.0234,True,True,True,1,0.0156,True,True,True,2,0.0312,False,True,True,4,0.0625,False,False,True,0.0,33.33,-100.0,-33.33,-300.0,-167.09
Time,22,11,0.0169,False,False,False,288,0.4431,False,False,False,285,0.4385,False,False,False,38,0.0585,False,False,False,107,0.1646,False,False,False,142,0.2185,False,False,False,-245.45,-246.15,62.85,62.85,50.18,50.17
Math,74,93,0.4819,False,False,False,93,0.4819,False,False,False,93,0.4819,False,False,False,2,0.0104,False,True,True,169,0.8756,False,False,False,169,0.8756,False,False,False,97.85,97.84,-81.72,-81.7,-81.72,-81.7
Math,64,6,0.1912,False,False,False,6,0.1912,False,False,False,6,0.1912,False,False,False,1,0.0294,True,True,True,3,0.0882,False,True,True,3,0.1029,False,True,True,83.33,84.62,50.0,53.87,50.0,46.18
JacksonXml,1,62,0.75,False,False,False,43,0.5179,False,False,False,35,0.4286,False,False,False,3,0.0357,False,True,True,28,0.3333,False,False,False,82,0.9762,False,False,False,95.16,95.24,34.88,35.64,-134.29,-127.76
Compress,23,1,0.0211,True,True,True,1,0.0211,True,True,True,1,0.0211,True,True,True,2,0.0282,False,True,True,1,0.0141,True,True,True,1,0.0141,True,True,True,-100.0,-33.65,0.0,33.18,0.0,33.18
JacksonDatabind,6,11,0.0182,False,False,False,521,0.8626,False,False,False,534,0.8841,False,False,False,158,0.2616,False,False,False,390,0.6457,False,False,False,412,0.6821,False,False,False,-1336.36,-1337.36,25.14,25.14,22.85,22.85
Math,89,1,0.037,True,True,True,1,0.037,True,True,True,1,0.037,True,True,True,1,0.037,True,True,True,1,0.037,True,True,True,1,0.037,True,True,True,0.0,0.0,0.0,0.0,0.0,0.0
Compress,15,1,0.0127,True,True,True,1,0.0127,True,True,True,1,0.0127,True,True,True,1,0.0127,True,True,True,1,0.0127,True,True,True,1,0.0127,True,True,True,0.0,0.0,0.0,0.0,0.0,0.0
Codec,5,7,0.2414,False,False,False,7,0.2414,False,False,False,7,0.2414,False,False,False,12,0.431,False,False,False,14,0.4828,False,False,False,14,0.4828,False,False,False,-71.43,-78.54,-100.0,-100.0,-100.0,-100.0
Jsoup,49,8,0.0113,False,False,False,8,0.0113,False,False,False,8,0.0113,False,False,False,37,0.0596,False,False,False,47,0.0757,False,False,False,49,0.0789,False,False,False,-362.5,-427.43,-487.5,-569.91,-512.5,-598.23
Gson,15,1,0.0435,True,True,True,1,0.0435,True,True,True,1,0.0435,True,True,True,1,0.0435,True,True,True,1,0.0435,True,True,True,1,0.0435,True,True,True,0.0,0.0,0.0,0.0,0.0,0.0
Math,52,1,0.0205,True,True,True,1,0.0205,True,True,True,1,0.0205,True,True,True,2,0.0274,False,True,True,2,0.0274,False,True,True,2,0.0274,False,True,True,-100.0,-33.66,-100.0,-33.66,-100.0,-33.66
Time,14,1,0.0014,True,True,True,1,0.0014,True,True,True,1,0.0014,True,True,True,11,0.015,False,False,False,1,0.0014,True,True,True,1,0.0014,True,True,True,-1000.0,-971.43,0.0,0.0,0.0,0.0
Math,42,2,0.0153,False,True,True,2,0.0153,False,True,True,2,0.0153,False,True,True,10,0.102,False,False,False,10,0.102,False,False,False,2,0.0204,False,True,True,-400.0,-566.67,-400.0,-566.67,0.0,-33.33
Jsoup,82,17,0.0227,False,False,False,17,0.0227,False,False,False,17,0.0227,False,False,False,20,0.0253,False,False,False,122,0.154,False,False,False,119,0.1503,False,False,False,-17.65,-11.45,-617.65,-578.41,-600.0,-562.11
Mockito,20,19,0.1042,False,False,False,14,0.0852,False,False,False,14,0.0852,False,False,False,4,0.0152,False,False,True,239,0.9053,False,False,False,239,0.9053,False,False,False,78.95,85.41,-1607.14,-962.56,-1607.14,-962.56
JacksonDatabind,14,11,0.0117,False,False,False,585,0.5715,False,False,False,855,0.8322,False,False,False,270,0.2626,False,False,False,406,0.3949,False,False,False,592,0.5759,False,False,False,-2354.55,-2144.44,30.6,30.9,30.76,30.8
Jsoup,76,96,0.1245,False,False,False,96,0.1245,False,False,False,96,0.1245,False,False,False,196,0.2542,False,False,False,196,0.2542,False,False,False,196,0.2542,False,False,False,-104.17,-104.18,-104.17,-104.18,-104.17,-104.18
Mockito,3,68,0.1748,False,False,False,64,0.1645,False,False,False,62,0.1594,False,False,False,7,0.018,False,False,False,68,0.1748,False,False,False,179,0.4602,False,False,False,89.71,89.7,-6.25,-6.26,-188.71,-188.71
Collections,20,5,0.0862,False,False,True,5,0.0862,False,False,True,5,0.0862,False,False,True,5,0.0862,False,False,True,6,0.1034,False,False,False,6,0.1034,False,False,False,0.0,0.0,-20.0,-19.95,-20.0,-19.95
Chart,4,13,0.0137,False,False,False,9,0.0098,False,False,False,9,0.0098,False,False,False,305,0.2984,False,False,False,312,0.3053,False,False,False,313,0.3063,False,False,False,-2246.15,-2078.1,-3366.67,-3015.31,-3377.78,-3025.51
Jsoup,2,45,0.2822,False,False,False,45,0.2822,False,False,False,45,0.2822,False,False,False,116,0.7117,False,False,False,116,0.7117,False,False,False,116,0.7117,False,False,False,-157.78,-152.2,-157.78,-152.2,-157.78,-152.2
Jsoup,48,1,0.0125,True,True,True,1,0.0125,True,True,True,1,0.0125,True,True,True,1,0.0125,True,True,True,1,0.0125,True,True,True,1,0.0125,True,True,True,0.0,0.0,0.0,0.0,0.0,0.0
Math,88,3,0.0256,False,True,True,3,0.0256,False,True,True,3,0.0256,False,True,True,3,0.0385,False,True,True,2,0.0256,False,True,True,4,0.0513,False,False,True,0.0,-50.39,33.33,0.0,-33.33,-100.39
JacksonDatabind,7,4,0.0049,False,False,True,468,0.9129,False,False,False,486,0.9481,False,False,False,7,0.0137,False,False,False,471,0.9207,False,False,False,320,0.6252,False,False,False,-75.0,-179.59,-0.64,-0.85,34.16,34.06
Compress,14,22,0.8462,False,False,False,22,0.8462,False,False,False,22,0.8462,False,False,False,4,0.1538,False,False,True,21,0.8077,False,False,False,21,0.8077,False,False,False,81.82,81.82,4.55,4.55,4.55,4.55
Jsoup,93,4,0.009,False,False,True,4,0.009,False,False,True,4,0.009,False,False,True,126,0.2525,False,False,False,219,0.4389,False,False,False,218,0.4369,False,False,False,-3050.0,-2705.56,-5375.0,-4776.67,-5350.0,-4754.44
Math,43,6,0.0444,False,False,False,2,0.0148,False,True,True,2,0.0148,False,True,True,2,0.0148,False,True,True,47,0.3481,False,False,False,49,0.363,False,False,False,66.67,66.67,-2250.0,-2252.03,-2350.0,-2352.7
Closure,1,17,0.0116,False,False,False,17,0.0116,False,False,False,17,0.0116,False,False,False,823,0.5454,False,False,False,824,0.5461,False,False,False,820,0.5434,False,False,False,-4741.18,-4601.72,-4747.06,-4607.76,-4723.53,-4584.48
Math,53,1,0.0139,True,True,True,1,0.0139,True,True,True,1,0.0139,True,True,True,1,0.0139,True,True,True,1,0.0139,True,True,True,1,0.0139,True,True,True,0.0,0.0,0.0,0.0,0.0,0.0
Gson,1,11,0.0991,False,False,False,11,0.0991,False,False,False,11,0.0991,False,False,False,50,0.431,False,False,False,50,0.431,False,False,False,15,0.1293,False,False,False,-354.55,-334.91,-354.55,-334.91,-36.36,-30.47
Mockito,2,6,0.2222,False,False,False,1,0.037,True,True,True,1,0.037,True,True,True,9,0.3333,False,False,False,1,0.037,True,True,True,1,0.037,True,True,True,-50.0,-50.0,0.0,0.0,0.0,0.0
Jsoup,77,1,0.0019,True,True,True,1,0.0019,True,True,True,1,0.0019,True,True,True,1,0.0019,True,True,True,1,0.0019,True,True,True,1,0.0019,True,True,True,0.0,0.0,0.0,0.0,0.0,0.0
Jsoup,67,61,0.0781,False,False,False,61,0.0781,False,False,False,61,0.0781,False,False,False,146,0.1901,False,False,False,147,0.1914,False,False,False,148,0.1927,False,False,False,-139.34,-143.41,-140.98,-145.07,-142.62,-146.73
Jsoup,15,492,0.5289,False,False,False,492,0.5289,False,False,False,492,0.5289,False,False,False,192,0.3489,False,False,False,490,0.5588,False,False,False,528,0.9459,False,False,False,60.98,34.03,0.41,-5.65,-7.32,-78.84
Chart,5,2,0.037,False,True,True,2,0.037,False,True,True,2,0.037,False,True,True,10,0.1759,False,False,False,7,0.1296,False,False,False,5,0.0926,False,False,True,-400.0,-375.41,-250.0,-250.27,-150.0,-150.27
JacksonCore,25,87,0.531,False,False,False,87,0.531,False,False,False,87,0.531,False,False,False,87,0.5372,False,False,False,51,0.2996,False,False,False,87,0.5372,False,False,False,0.0,-1.17,41.38,43.58,0.0,-1.17
Jsoup,33,117,0.1957,False,False,False,117,0.1957,False,False,False,117,0.1957,False,False,False,187,0.3127,False,False,False,187,0.3127,False,False,False,187,0.3127,False,False,False,-59.83,-59.79,-59.83,-59.79,-59.83,-59.79
Jsoup,51,87,0.134,False,False,False,87,0.134,False,False,False,87,0.134,False,False,False,145,0.2184,False,False,False,144,0.2169,False,False,False,142,0.2139,False,False,False,-66.67,-62.99,-65.52,-61.87,-63.22,-59.63
Lang,44,1,0.075,True,True,True,1,0.075,True,True,True,2,0.125,False,True,True,2,0.1,False,True,True,2,0.1,False,True,True,10,0.5,False,False,False,-100.0,-33.33,-100.0,-33.33,-400.0,-300.0
Jsoup,41,7,0.0117,False,False,False,7,0.0117,False,False,False,7,0.0117,False,False,False,6,0.0101,False,False,False,16,0.0268,False,False,False,14,0.0235,False,False,False,14.29,13.68,-128.57,-129.06,-100.0,-100.85
Math,38,5,0.0506,False,False,True,5,0.0506,False,False,True,5,0.0506,False,False,True,44,0.557,False,False,False,44,0.557,False,False,False,41,0.519,False,False,False,-780.0,-1000.79,-780.0,-1000.79,-720.0,-925.69
Csv,5,7,0.1944,False,False,False,7,0.1944,False,False,False,7,0.1944,False,False,False,4,0.1111,False,False,True,13,0.3611,False,False,False,12,0.3333,False,False,False,42.86,42.85,-85.71,-85.75,-71.43,-71.45
Math,91,1,0.0278,True,True,True,1,0.0278,True,True,True,1,0.0278,True,True,True,1,0.0278,True,True,True,1,0.0278,True,True,True,1,0.0278,True,True,True,0.0,0.0,0.0,0.0,0.0,0.0
Chart,12,4,0.0163,False,False,True,4,0.0163,False,False,True,4,0.0163,False,False,True,2,0.0109,False,True,True,58,0.3152,False,False,False,78,0.4239,False,False,False,50.0,33.13,-1350.0,-1833.74,-1850.0,-2500.61
Math,75,1,0.05,True,True,True,1,0.05,True,True,True,1,0.05,True,True,True,2,0.0667,False,True,True,1,0.05,True,True,True,2,0.0667,False,True,True,-100.0,-33.4,0.0,0.0,-100.0,-33.4
Time,23,122,0.2607,False,False,False,104,0.2222,False,False,False,104,0.2222,False,False,False,154,0.3291,False,False,False,130,0.2778,False,False,False,128,0.2735,False,False,False,-26.23,-26.24,-25.0,-25.02,-23.08,-23.09
Compress,32,6,0.056,False,False,False,6,0.056,False,False,False,6,0.056,False,False,False,78,0.6724,False,False,False,14,0.1207,False,False,False,11,0.0948,False,False,False,-1200.0,-1100.71,-133.33,-115.54,-83.33,-69.29
